import winnie_poo_honey-Edit from ./../../images/gallery/../images/dec31gallery/characters/winnie_poo_honey-Edit.webp
import boss_baby-Edit_hd from ./../../images/gallery/../images/dec31gallery/characters/boss_baby-Edit.jpg
import boss_baby-Edit from ./../../images/gallery/../images/dec31gallery/characters/boss_baby-Edit.webp
import cars-Edit_hd from ./../../images/gallery/../images/dec31gallery/characters/cars-Edit.jpg
import cars-Edit from ./../../images/gallery/../images/dec31gallery/characters/cars-Edit.webp
import coco_melon-Edit_hd from ./../../images/gallery/../images/dec31gallery/characters/coco_melon-Edit.jpg
import coco_melon-Edit from ./../../images/gallery/../images/dec31gallery/characters/coco_melon-Edit.webp
import data.jsx_hd from ./../../images/gallery/../images/dec31gallery/characters/data.jsx
import disney_princess-Edit_hd from ./../../images/gallery/../images/dec31gallery/characters/disney_princess-Edit.jpg
import disney_princess-Edit from ./../../images/gallery/../images/dec31gallery/characters/disney_princess-Edit.webp
import dragon_ball-Edit_hd from ./../../images/gallery/../images/dec31gallery/characters/dragon_ball-Edit.jpg
import dragon_ball-Edit from ./../../images/gallery/../images/dec31gallery/characters/dragon_ball-Edit.webp
import elsa-Edit_hd from ./../../images/gallery/../images/dec31gallery/characters/elsa-Edit.jpg
import elsa-Edit from ./../../images/gallery/../images/dec31gallery/characters/elsa-Edit.webp
import iron_man_hulk-Edit_hd from ./../../images/gallery/../images/dec31gallery/characters/iron_man_hulk-Edit.jpg
import iron_man_hulk-Edit from ./../../images/gallery/../images/dec31gallery/characters/iron_man_hulk-Edit.webp
import kirby-Edit_hd from ./../../images/gallery/../images/dec31gallery/characters/kirby-Edit.jpg
import kirby-Edit from ./../../images/gallery/../images/dec31gallery/characters/kirby-Edit.webp
import lego_ninja-Edit_hd from ./../../images/gallery/../images/dec31gallery/characters/lego_ninja-Edit.jpg
import lego_ninja-Edit from ./../../images/gallery/../images/dec31gallery/characters/lego_ninja-Edit.webp
import mario-Edit_hd from ./../../images/gallery/../images/dec31gallery/characters/mario-Edit.jpg
import mario-Edit from ./../../images/gallery/../images/dec31gallery/characters/mario-Edit.webp
import marvel-Edit_hd from ./../../images/gallery/../images/dec31gallery/characters/marvel-Edit.jpg
import marvel-Edit from ./../../images/gallery/../images/dec31gallery/characters/marvel-Edit.webp
import mickey_mouse-Edit_hd from ./../../images/gallery/../images/dec31gallery/characters/mickey_mouse-Edit.jpg
import mickey_mouse-Edit from ./../../images/gallery/../images/dec31gallery/characters/mickey_mouse-Edit.webp
import minnie-Edit_hd from ./../../images/gallery/../images/dec31gallery/characters/minnie-Edit.jpg
import minnie-Edit from ./../../images/gallery/../images/dec31gallery/characters/minnie-Edit.webp
import minnie_2-Edit_hd from ./../../images/gallery/../images/dec31gallery/characters/minnie_2-Edit.jpg
import minnie_2-Edit from ./../../images/gallery/../images/dec31gallery/characters/minnie_2-Edit.webp
import minnie_mouse-Edit_hd from ./../../images/gallery/../images/dec31gallery/characters/minnie_mouse-Edit.jpg
import minnie_mouse-Edit from ./../../images/gallery/../images/dec31gallery/characters/minnie_mouse-Edit.webp
import naruto-Edit_hd from ./../../images/gallery/../images/dec31gallery/characters/naruto-Edit.jpg
import naruto-Edit from ./../../images/gallery/../images/dec31gallery/characters/naruto-Edit.webp
import octonauts-Edit_hd from ./../../images/gallery/../images/dec31gallery/characters/octonauts-Edit.jpg
import octonauts-Edit from ./../../images/gallery/../images/dec31gallery/characters/octonauts-Edit.webp
import peppa_pig-Edit_hd from ./../../images/gallery/../images/dec31gallery/characters/peppa_pig-Edit.jpg
import peppa_pig-Edit from ./../../images/gallery/../images/dec31gallery/characters/peppa_pig-Edit.webp
import pink_minnie-Edit_hd from ./../../images/gallery/../images/dec31gallery/characters/pink_minnie-Edit.jpg
import pink_minnie-Edit from ./../../images/gallery/../images/dec31gallery/characters/pink_minnie-Edit.webp
import sesame_street-Edit_hd from ./../../images/gallery/../images/dec31gallery/characters/sesame_street-Edit.jpg
import sesame_street-Edit from ./../../images/gallery/../images/dec31gallery/characters/sesame_street-Edit.webp
import sonic-Edit_hd from ./../../images/gallery/../images/dec31gallery/characters/sonic-Edit.jpg
import sonic-Edit from ./../../images/gallery/../images/dec31gallery/characters/sonic-Edit.webp
import sonic_3-Edit_hd from ./../../images/gallery/../images/dec31gallery/characters/sonic_3-Edit.jpg
import sonic_3-Edit from ./../../images/gallery/../images/dec31gallery/characters/sonic_3-Edit.webp
import spider_man-Edit_hd from ./../../images/gallery/../images/dec31gallery/characters/spider_man-Edit.jpg
import spider_man-Edit from ./../../images/gallery/../images/dec31gallery/characters/spider_man-Edit.webp
import spider_man_2-Edit_hd from ./../../images/gallery/../images/dec31gallery/characters/spider_man_2-Edit.jpg
import spider_man_2-Edit from ./../../images/gallery/../images/dec31gallery/characters/spider_man_2-Edit.webp
import spiderman_3-Edit_hd from ./../../images/gallery/../images/dec31gallery/characters/spiderman_3-Edit.jpg
import spiderman_3-Edit from ./../../images/gallery/../images/dec31gallery/characters/spiderman_3-Edit.webp
import sponge_bob-Edit_hd from ./../../images/gallery/../images/dec31gallery/characters/sponge_bob-Edit.jpg
import sponge_bob-Edit from ./../../images/gallery/../images/dec31gallery/characters/sponge_bob-Edit.webp
import test.txt_hd from ./../../images/gallery/../images/dec31gallery/characters/test.txt
import twin_fox-Edit_hd from ./../../images/gallery/../images/dec31gallery/characters/twin_fox-Edit.jpg
import twin_fox-Edit from ./../../images/gallery/../images/dec31gallery/characters/twin_fox-Edit.webp
import winnie_bee-Edit_hd from ./../../images/gallery/../images/dec31gallery/characters/winnie_bee-Edit.jpg
import winnie_bee-Edit from ./../../images/gallery/../images/dec31gallery/characters/winnie_bee-Edit.webp
import winnie_poo_3-Edit_hd from ./../../images/gallery/../images/dec31gallery/characters/winnie_poo_3-Edit.jpg
import winnie_poo_3-Edit from ./../../images/gallery/../images/dec31gallery/characters/winnie_poo_3-Edit.webp
import winnie_poo_honey-Edit_hd from ./../../images/gallery/../images/dec31gallery/characters/winnie_poo_honey-Edit.jpg
import winnie_poo_honey-Edit from ./../../images/gallery/../images/dec31gallery/characters/winnie_poo_honey-Edit.webp
import boss_baby-Edit_hd from ./../../images/gallery/../images/dec31gallery/characters/boss_baby-Edit.jpg
import boss_baby-Edit from ./../../images/gallery/../images/dec31gallery/characters/boss_baby-Edit.webp
import cars-Edit_hd from ./../../images/gallery/../images/dec31gallery/characters/cars-Edit.jpg
import cars-Edit from ./../../images/gallery/../images/dec31gallery/characters/cars-Edit.webp
import coco_melon-Edit_hd from ./../../images/gallery/../images/dec31gallery/characters/coco_melon-Edit.jpg
import coco_melon-Edit from ./../../images/gallery/../images/dec31gallery/characters/coco_melon-Edit.webp
import data.jsx_hd from ./../../images/gallery/../images/dec31gallery/characters/data.jsx
import disney_princess-Edit_hd from ./../../images/gallery/../images/dec31gallery/characters/disney_princess-Edit.jpg
import disney_princess-Edit from ./../../images/gallery/../images/dec31gallery/characters/disney_princess-Edit.webp
import dragon_ball-Edit_hd from ./../../images/gallery/../images/dec31gallery/characters/dragon_ball-Edit.jpg
import dragon_ball-Edit from ./../../images/gallery/../images/dec31gallery/characters/dragon_ball-Edit.webp
import elsa-Edit_hd from ./../../images/gallery/../images/dec31gallery/characters/elsa-Edit.jpg
import elsa-Edit from ./../../images/gallery/../images/dec31gallery/characters/elsa-Edit.webp
import iron_man_hulk-Edit_hd from ./../../images/gallery/../images/dec31gallery/characters/iron_man_hulk-Edit.jpg
import iron_man_hulk-Edit from ./../../images/gallery/../images/dec31gallery/characters/iron_man_hulk-Edit.webp
import kirby-Edit_hd from ./../../images/gallery/../images/dec31gallery/characters/kirby-Edit.jpg
import kirby-Edit from ./../../images/gallery/../images/dec31gallery/characters/kirby-Edit.webp
import lego_ninja-Edit_hd from ./../../images/gallery/../images/dec31gallery/characters/lego_ninja-Edit.jpg
import lego_ninja-Edit from ./../../images/gallery/../images/dec31gallery/characters/lego_ninja-Edit.webp
import mario-Edit_hd from ./../../images/gallery/../images/dec31gallery/characters/mario-Edit.jpg
import mario-Edit from ./../../images/gallery/../images/dec31gallery/characters/mario-Edit.webp
import marvel-Edit_hd from ./../../images/gallery/../images/dec31gallery/characters/marvel-Edit.jpg
import marvel-Edit from ./../../images/gallery/../images/dec31gallery/characters/marvel-Edit.webp
import mickey_mouse-Edit_hd from ./../../images/gallery/../images/dec31gallery/characters/mickey_mouse-Edit.jpg
import mickey_mouse-Edit from ./../../images/gallery/../images/dec31gallery/characters/mickey_mouse-Edit.webp
import minnie-Edit_hd from ./../../images/gallery/../images/dec31gallery/characters/minnie-Edit.jpg
import minnie-Edit from ./../../images/gallery/../images/dec31gallery/characters/minnie-Edit.webp
import minnie_2-Edit_hd from ./../../images/gallery/../images/dec31gallery/characters/minnie_2-Edit.jpg
import minnie_2-Edit from ./../../images/gallery/../images/dec31gallery/characters/minnie_2-Edit.webp
import minnie_mouse-Edit_hd from ./../../images/gallery/../images/dec31gallery/characters/minnie_mouse-Edit.jpg
import minnie_mouse-Edit from ./../../images/gallery/../images/dec31gallery/characters/minnie_mouse-Edit.webp
import naruto-Edit_hd from ./../../images/gallery/../images/dec31gallery/characters/naruto-Edit.jpg
import naruto-Edit from ./../../images/gallery/../images/dec31gallery/characters/naruto-Edit.webp
import octonauts-Edit_hd from ./../../images/gallery/../images/dec31gallery/characters/octonauts-Edit.jpg
import octonauts-Edit from ./../../images/gallery/../images/dec31gallery/characters/octonauts-Edit.webp
import peppa_pig-Edit_hd from ./../../images/gallery/../images/dec31gallery/characters/peppa_pig-Edit.jpg
import peppa_pig-Edit from ./../../images/gallery/../images/dec31gallery/characters/peppa_pig-Edit.webp
import pink_minnie-Edit_hd from ./../../images/gallery/../images/dec31gallery/characters/pink_minnie-Edit.jpg
import pink_minnie-Edit from ./../../images/gallery/../images/dec31gallery/characters/pink_minnie-Edit.webp
import sesame_street-Edit_hd from ./../../images/gallery/../images/dec31gallery/characters/sesame_street-Edit.jpg
import sesame_street-Edit from ./../../images/gallery/../images/dec31gallery/characters/sesame_street-Edit.webp
import sonic-Edit_hd from ./../../images/gallery/../images/dec31gallery/characters/sonic-Edit.jpg
import sonic-Edit from ./../../images/gallery/../images/dec31gallery/characters/sonic-Edit.webp
import sonic_3-Edit_hd from ./../../images/gallery/../images/dec31gallery/characters/sonic_3-Edit.jpg
import sonic_3-Edit from ./../../images/gallery/../images/dec31gallery/characters/sonic_3-Edit.webp
import spider_man-Edit_hd from ./../../images/gallery/../images/dec31gallery/characters/spider_man-Edit.jpg
import spider_man-Edit from ./../../images/gallery/../images/dec31gallery/characters/spider_man-Edit.webp
import spider_man_2-Edit_hd from ./../../images/gallery/../images/dec31gallery/characters/spider_man_2-Edit.jpg
import spider_man_2-Edit from ./../../images/gallery/../images/dec31gallery/characters/spider_man_2-Edit.webp
import spiderman_3-Edit_hd from ./../../images/gallery/../images/dec31gallery/characters/spiderman_3-Edit.jpg
import spiderman_3-Edit from ./../../images/gallery/../images/dec31gallery/characters/spiderman_3-Edit.webp
import sponge_bob-Edit_hd from ./../../images/gallery/../images/dec31gallery/characters/sponge_bob-Edit.jpg
import sponge_bob-Edit from ./../../images/gallery/../images/dec31gallery/characters/sponge_bob-Edit.webp
import test.txt_hd from ./../../images/gallery/../images/dec31gallery/characters/test.txt
import twin_fox-Edit_hd from ./../../images/gallery/../images/dec31gallery/characters/twin_fox-Edit.jpg
import twin_fox-Edit from ./../../images/gallery/../images/dec31gallery/characters/twin_fox-Edit.webp
import winnie_bee-Edit_hd from ./../../images/gallery/../images/dec31gallery/characters/winnie_bee-Edit.jpg
import winnie_bee-Edit from ./../../images/gallery/../images/dec31gallery/characters/winnie_bee-Edit.webp
import winnie_poo_3-Edit_hd from ./../../images/gallery/../images/dec31gallery/characters/winnie_poo_3-Edit.jpg
import winnie_poo_3-Edit from ./../../images/gallery/../images/dec31gallery/characters/winnie_poo_3-Edit.webp
import winnie_poo_honey-Edit_hd from ./../../images/gallery/../images/dec31gallery/characters/winnie_poo_honey-Edit.jpg
import winnie_poo_honey-Edit from ./../../images/gallery/../images/dec31gallery/characters/winnie_poo_honey-Edit.webp
import boss_baby-Edit_hd from ./../../images/gallery/../images/dec31gallery/characters/boss_baby-Edit.jpg
import boss_baby-Edit from ./../../images/gallery/../images/dec31gallery/characters/boss_baby-Edit.webp
import cars-Edit_hd from ./../../images/gallery/../images/dec31gallery/characters/cars-Edit.jpg
import cars-Edit from ./../../images/gallery/../images/dec31gallery/characters/cars-Edit.webp
import coco_melon-Edit_hd from ./../../images/gallery/../images/dec31gallery/characters/coco_melon-Edit.jpg
import coco_melon-Edit from ./../../images/gallery/../images/dec31gallery/characters/coco_melon-Edit.webp
import data.jsx_hd from ./../../images/gallery/../images/dec31gallery/characters/data.jsx
import disney_princess-Edit_hd from ./../../images/gallery/../images/dec31gallery/characters/disney_princess-Edit.jpg
import disney_princess-Edit from ./../../images/gallery/../images/dec31gallery/characters/disney_princess-Edit.webp
import dragon_ball-Edit_hd from ./../../images/gallery/../images/dec31gallery/characters/dragon_ball-Edit.jpg
import dragon_ball-Edit from ./../../images/gallery/../images/dec31gallery/characters/dragon_ball-Edit.webp
import elsa-Edit_hd from ./../../images/gallery/../images/dec31gallery/characters/elsa-Edit.jpg
import elsa-Edit from ./../../images/gallery/../images/dec31gallery/characters/elsa-Edit.webp
import iron_man_hulk-Edit_hd from ./../../images/gallery/../images/dec31gallery/characters/iron_man_hulk-Edit.jpg
import iron_man_hulk-Edit from ./../../images/gallery/../images/dec31gallery/characters/iron_man_hulk-Edit.webp
import kirby-Edit_hd from ./../../images/gallery/../images/dec31gallery/characters/kirby-Edit.jpg
import kirby-Edit from ./../../images/gallery/../images/dec31gallery/characters/kirby-Edit.webp
import lego_ninja-Edit_hd from ./../../images/gallery/../images/dec31gallery/characters/lego_ninja-Edit.jpg
import lego_ninja-Edit from ./../../images/gallery/../images/dec31gallery/characters/lego_ninja-Edit.webp
import mario-Edit_hd from ./../../images/gallery/../images/dec31gallery/characters/mario-Edit.jpg
import mario-Edit from ./../../images/gallery/../images/dec31gallery/characters/mario-Edit.webp
import marvel-Edit_hd from ./../../images/gallery/../images/dec31gallery/characters/marvel-Edit.jpg
import marvel-Edit from ./../../images/gallery/../images/dec31gallery/characters/marvel-Edit.webp
import mickey_mouse-Edit_hd from ./../../images/gallery/../images/dec31gallery/characters/mickey_mouse-Edit.jpg
import mickey_mouse-Edit from ./../../images/gallery/../images/dec31gallery/characters/mickey_mouse-Edit.webp
import minnie-Edit_hd from ./../../images/gallery/../images/dec31gallery/characters/minnie-Edit.jpg
import minnie-Edit from ./../../images/gallery/../images/dec31gallery/characters/minnie-Edit.webp
import minnie_2-Edit_hd from ./../../images/gallery/../images/dec31gallery/characters/minnie_2-Edit.jpg
import minnie_2-Edit from ./../../images/gallery/../images/dec31gallery/characters/minnie_2-Edit.webp
import minnie_mouse-Edit_hd from ./../../images/gallery/../images/dec31gallery/characters/minnie_mouse-Edit.jpg
import minnie_mouse-Edit from ./../../images/gallery/../images/dec31gallery/characters/minnie_mouse-Edit.webp
import naruto-Edit_hd from ./../../images/gallery/../images/dec31gallery/characters/naruto-Edit.jpg
import naruto-Edit from ./../../images/gallery/../images/dec31gallery/characters/naruto-Edit.webp
import octonauts-Edit_hd from ./../../images/gallery/../images/dec31gallery/characters/octonauts-Edit.jpg
import octonauts-Edit from ./../../images/gallery/../images/dec31gallery/characters/octonauts-Edit.webp
import peppa_pig-Edit_hd from ./../../images/gallery/../images/dec31gallery/characters/peppa_pig-Edit.jpg
import peppa_pig-Edit from ./../../images/gallery/../images/dec31gallery/characters/peppa_pig-Edit.webp
import pink_minnie-Edit_hd from ./../../images/gallery/../images/dec31gallery/characters/pink_minnie-Edit.jpg
import pink_minnie-Edit from ./../../images/gallery/../images/dec31gallery/characters/pink_minnie-Edit.webp
import sesame_street-Edit_hd from ./../../images/gallery/../images/dec31gallery/characters/sesame_street-Edit.jpg
import sesame_street-Edit from ./../../images/gallery/../images/dec31gallery/characters/sesame_street-Edit.webp
import sonic-Edit_hd from ./../../images/gallery/../images/dec31gallery/characters/sonic-Edit.jpg
import sonic-Edit from ./../../images/gallery/../images/dec31gallery/characters/sonic-Edit.webp
import sonic_3-Edit_hd from ./../../images/gallery/../images/dec31gallery/characters/sonic_3-Edit.jpg
import sonic_3-Edit from ./../../images/gallery/../images/dec31gallery/characters/sonic_3-Edit.webp
import spider_man-Edit_hd from ./../../images/gallery/../images/dec31gallery/characters/spider_man-Edit.jpg
import spider_man-Edit from ./../../images/gallery/../images/dec31gallery/characters/spider_man-Edit.webp
import spider_man_2-Edit_hd from ./../../images/gallery/../images/dec31gallery/characters/spider_man_2-Edit.jpg
import spider_man_2-Edit from ./../../images/gallery/../images/dec31gallery/characters/spider_man_2-Edit.webp
import spiderman_3-Edit_hd from ./../../images/gallery/../images/dec31gallery/characters/spiderman_3-Edit.jpg
import spiderman_3-Edit from ./../../images/gallery/../images/dec31gallery/characters/spiderman_3-Edit.webp
import sponge_bob-Edit_hd from ./../../images/gallery/../images/dec31gallery/characters/sponge_bob-Edit.jpg
import sponge_bob-Edit from ./../../images/gallery/../images/dec31gallery/characters/sponge_bob-Edit.webp
import test.txt_hd from ./../../images/gallery/../images/dec31gallery/characters/test.txt
import twin_fox-Edit_hd from ./../../images/gallery/../images/dec31gallery/characters/twin_fox-Edit.jpg
import twin_fox-Edit from ./../../images/gallery/../images/dec31gallery/characters/twin_fox-Edit.webp
import winnie_bee-Edit_hd from ./../../images/gallery/../images/dec31gallery/characters/winnie_bee-Edit.jpg
import winnie_bee-Edit from ./../../images/gallery/../images/dec31gallery/characters/winnie_bee-Edit.webp
import winnie_poo_3-Edit_hd from ./../../images/gallery/../images/dec31gallery/characters/winnie_poo_3-Edit.jpg
import winnie_poo_3-Edit from ./../../images/gallery/../images/dec31gallery/characters/winnie_poo_3-Edit.webp
import winnie_poo_honey-Edit_hd from ./../../images/gallery/../images/dec31gallery/characters/winnie_poo_honey-Edit.jpg
import winnie_poo_honey-Edit from ./../../images/gallery/../images/dec31gallery/characters/winnie_poo_honey-Edit.webp
import boss_baby-Edit_hd from ./../../images/gallery/../images/dec31gallery/characters/boss_baby-Edit.jpg
import boss_baby-Edit from ./../../images/gallery/../images/dec31gallery/characters/boss_baby-Edit.webp
import cars-Edit_hd from ./../../images/gallery/../images/dec31gallery/characters/cars-Edit.jpg
import cars-Edit from ./../../images/gallery/../images/dec31gallery/characters/cars-Edit.webp
import coco_melon-Edit_hd from ./../../images/gallery/../images/dec31gallery/characters/coco_melon-Edit.jpg
import coco_melon-Edit from ./../../images/gallery/../images/dec31gallery/characters/coco_melon-Edit.webp
import data.jsx_hd from ./../../images/gallery/../images/dec31gallery/characters/data.jsx
import disney_princess-Edit_hd from ./../../images/gallery/../images/dec31gallery/characters/disney_princess-Edit.jpg
import disney_princess-Edit from ./../../images/gallery/../images/dec31gallery/characters/disney_princess-Edit.webp
import dragon_ball-Edit_hd from ./../../images/gallery/../images/dec31gallery/characters/dragon_ball-Edit.jpg
import dragon_ball-Edit from ./../../images/gallery/../images/dec31gallery/characters/dragon_ball-Edit.webp
import elsa-Edit_hd from ./../../images/gallery/../images/dec31gallery/characters/elsa-Edit.jpg
import elsa-Edit from ./../../images/gallery/../images/dec31gallery/characters/elsa-Edit.webp
import iron_man_hulk-Edit_hd from ./../../images/gallery/../images/dec31gallery/characters/iron_man_hulk-Edit.jpg
import iron_man_hulk-Edit from ./../../images/gallery/../images/dec31gallery/characters/iron_man_hulk-Edit.webp
import kirby-Edit_hd from ./../../images/gallery/../images/dec31gallery/characters/kirby-Edit.jpg
import kirby-Edit from ./../../images/gallery/../images/dec31gallery/characters/kirby-Edit.webp
import lego_ninja-Edit_hd from ./../../images/gallery/../images/dec31gallery/characters/lego_ninja-Edit.jpg
import lego_ninja-Edit from ./../../images/gallery/../images/dec31gallery/characters/lego_ninja-Edit.webp
import mario-Edit_hd from ./../../images/gallery/../images/dec31gallery/characters/mario-Edit.jpg
import mario-Edit from ./../../images/gallery/../images/dec31gallery/characters/mario-Edit.webp
import marvel-Edit_hd from ./../../images/gallery/../images/dec31gallery/characters/marvel-Edit.jpg
import marvel-Edit from ./../../images/gallery/../images/dec31gallery/characters/marvel-Edit.webp
import mickey_mouse-Edit_hd from ./../../images/gallery/../images/dec31gallery/characters/mickey_mouse-Edit.jpg
import mickey_mouse-Edit from ./../../images/gallery/../images/dec31gallery/characters/mickey_mouse-Edit.webp
import minnie-Edit_hd from ./../../images/gallery/../images/dec31gallery/characters/minnie-Edit.jpg
import minnie-Edit from ./../../images/gallery/../images/dec31gallery/characters/minnie-Edit.webp
import minnie_2-Edit_hd from ./../../images/gallery/../images/dec31gallery/characters/minnie_2-Edit.jpg
import minnie_2-Edit from ./../../images/gallery/../images/dec31gallery/characters/minnie_2-Edit.webp
import minnie_mouse-Edit_hd from ./../../images/gallery/../images/dec31gallery/characters/minnie_mouse-Edit.jpg
import minnie_mouse-Edit from ./../../images/gallery/../images/dec31gallery/characters/minnie_mouse-Edit.webp
import naruto-Edit_hd from ./../../images/gallery/../images/dec31gallery/characters/naruto-Edit.jpg
import naruto-Edit from ./../../images/gallery/../images/dec31gallery/characters/naruto-Edit.webp
import octonauts-Edit_hd from ./../../images/gallery/../images/dec31gallery/characters/octonauts-Edit.jpg
import octonauts-Edit from ./../../images/gallery/../images/dec31gallery/characters/octonauts-Edit.webp
import peppa_pig-Edit_hd from ./../../images/gallery/../images/dec31gallery/characters/peppa_pig-Edit.jpg
import peppa_pig-Edit from ./../../images/gallery/../images/dec31gallery/characters/peppa_pig-Edit.webp
import pink_minnie-Edit_hd from ./../../images/gallery/../images/dec31gallery/characters/pink_minnie-Edit.jpg
import pink_minnie-Edit from ./../../images/gallery/../images/dec31gallery/characters/pink_minnie-Edit.webp
import sesame_street-Edit_hd from ./../../images/gallery/../images/dec31gallery/characters/sesame_street-Edit.jpg
import sesame_street-Edit from ./../../images/gallery/../images/dec31gallery/characters/sesame_street-Edit.webp
import sonic-Edit_hd from ./../../images/gallery/../images/dec31gallery/characters/sonic-Edit.jpg
import sonic-Edit from ./../../images/gallery/../images/dec31gallery/characters/sonic-Edit.webp
import sonic_3-Edit_hd from ./../../images/gallery/../images/dec31gallery/characters/sonic_3-Edit.jpg
import sonic_3-Edit from ./../../images/gallery/../images/dec31gallery/characters/sonic_3-Edit.webp
import spider_man-Edit_hd from ./../../images/gallery/../images/dec31gallery/characters/spider_man-Edit.jpg
import spider_man-Edit from ./../../images/gallery/../images/dec31gallery/characters/spider_man-Edit.webp
import spider_man_2-Edit_hd from ./../../images/gallery/../images/dec31gallery/characters/spider_man_2-Edit.jpg
import spider_man_2-Edit from ./../../images/gallery/../images/dec31gallery/characters/spider_man_2-Edit.webp
import spiderman_3-Edit_hd from ./../../images/gallery/../images/dec31gallery/characters/spiderman_3-Edit.jpg
import spiderman_3-Edit from ./../../images/gallery/../images/dec31gallery/characters/spiderman_3-Edit.webp
import sponge_bob-Edit_hd from ./../../images/gallery/../images/dec31gallery/characters/sponge_bob-Edit.jpg
import sponge_bob-Edit from ./../../images/gallery/../images/dec31gallery/characters/sponge_bob-Edit.webp
import test.txt_hd from ./../../images/gallery/../images/dec31gallery/characters/test.txt
import twin_fox-Edit_hd from ./../../images/gallery/../images/dec31gallery/characters/twin_fox-Edit.jpg
import twin_fox-Edit from ./../../images/gallery/../images/dec31gallery/characters/twin_fox-Edit.webp
import winnie_bee-Edit_hd from ./../../images/gallery/../images/dec31gallery/characters/winnie_bee-Edit.jpg
import winnie_bee-Edit from ./../../images/gallery/../images/dec31gallery/characters/winnie_bee-Edit.webp
import winnie_poo_3-Edit_hd from ./../../images/gallery/../images/dec31gallery/characters/winnie_poo_3-Edit.jpg
import winnie_poo_3-Edit from ./../../images/gallery/../images/dec31gallery/characters/winnie_poo_3-Edit.webp
import winnie_poo_honey-Edit_hd from ./../../images/gallery/../images/dec31gallery/characters/winnie_poo_honey-Edit.jpg
import winnie_poo_honey-Edit from ./../../images/gallery/../images/dec31gallery/characters/winnie_poo_honey-Edit.webp
9
import boss_baby-Edit_hd from ./../../images/gallery/../images/dec31gallery/characters/boss_baby-Edit.jpg
9
import boss_baby-Edit from ./../../images/gallery/../images/dec31gallery/characters/boss_baby-Edit.webp
9
import cars-Edit_hd from ./../../images/gallery/../images/dec31gallery/characters/cars-Edit.jpg
9
import cars-Edit from ./../../images/gallery/../images/dec31gallery/characters/cars-Edit.webp
9
import coco_melon-Edit_hd from ./../../images/gallery/../images/dec31gallery/characters/coco_melon-Edit.jpg
9
import coco_melon-Edit from ./../../images/gallery/../images/dec31gallery/characters/coco_melon-Edit.webp
9
import data.jsx_hd from ./../../images/gallery/../images/dec31gallery/characters/data.jsx
9
import disney_princess-Edit_hd from ./../../images/gallery/../images/dec31gallery/characters/disney_princess-Edit.jpg
9
import disney_princess-Edit from ./../../images/gallery/../images/dec31gallery/characters/disney_princess-Edit.webp
9
import dragon_ball-Edit_hd from ./../../images/gallery/../images/dec31gallery/characters/dragon_ball-Edit.jpg
9
import dragon_ball-Edit from ./../../images/gallery/../images/dec31gallery/characters/dragon_ball-Edit.webp
9
import elsa-Edit_hd from ./../../images/gallery/../images/dec31gallery/characters/elsa-Edit.jpg
9
import elsa-Edit from ./../../images/gallery/../images/dec31gallery/characters/elsa-Edit.webp
9
import iron_man_hulk-Edit_hd from ./../../images/gallery/../images/dec31gallery/characters/iron_man_hulk-Edit.jpg
9
import iron_man_hulk-Edit from ./../../images/gallery/../images/dec31gallery/characters/iron_man_hulk-Edit.webp
9
import kirby-Edit_hd from ./../../images/gallery/../images/dec31gallery/characters/kirby-Edit.jpg
9
import kirby-Edit from ./../../images/gallery/../images/dec31gallery/characters/kirby-Edit.webp
9
import lego_ninja-Edit_hd from ./../../images/gallery/../images/dec31gallery/characters/lego_ninja-Edit.jpg
9
import lego_ninja-Edit from ./../../images/gallery/../images/dec31gallery/characters/lego_ninja-Edit.webp
9
import mario-Edit_hd from ./../../images/gallery/../images/dec31gallery/characters/mario-Edit.jpg
9
import mario-Edit from ./../../images/gallery/../images/dec31gallery/characters/mario-Edit.webp
9
import marvel-Edit_hd from ./../../images/gallery/../images/dec31gallery/characters/marvel-Edit.jpg
9
import marvel-Edit from ./../../images/gallery/../images/dec31gallery/characters/marvel-Edit.webp
9
import mickey_mouse-Edit_hd from ./../../images/gallery/../images/dec31gallery/characters/mickey_mouse-Edit.jpg
9
import mickey_mouse-Edit from ./../../images/gallery/../images/dec31gallery/characters/mickey_mouse-Edit.webp
9
import minnie-Edit_hd from ./../../images/gallery/../images/dec31gallery/characters/minnie-Edit.jpg
9
import minnie-Edit from ./../../images/gallery/../images/dec31gallery/characters/minnie-Edit.webp
9
import minnie_2-Edit_hd from ./../../images/gallery/../images/dec31gallery/characters/minnie_2-Edit.jpg
9
import minnie_2-Edit from ./../../images/gallery/../images/dec31gallery/characters/minnie_2-Edit.webp
9
import minnie_mouse-Edit_hd from ./../../images/gallery/../images/dec31gallery/characters/minnie_mouse-Edit.jpg
9
import minnie_mouse-Edit from ./../../images/gallery/../images/dec31gallery/characters/minnie_mouse-Edit.webp
9
import naruto-Edit_hd from ./../../images/gallery/../images/dec31gallery/characters/naruto-Edit.jpg
9
import naruto-Edit from ./../../images/gallery/../images/dec31gallery/characters/naruto-Edit.webp
9
import octonauts-Edit_hd from ./../../images/gallery/../images/dec31gallery/characters/octonauts-Edit.jpg
9
import octonauts-Edit from ./../../images/gallery/../images/dec31gallery/characters/octonauts-Edit.webp
9
import peppa_pig-Edit_hd from ./../../images/gallery/../images/dec31gallery/characters/peppa_pig-Edit.jpg
9
import peppa_pig-Edit from ./../../images/gallery/../images/dec31gallery/characters/peppa_pig-Edit.webp
9
import pink_minnie-Edit_hd from ./../../images/gallery/../images/dec31gallery/characters/pink_minnie-Edit.jpg
9
import pink_minnie-Edit from ./../../images/gallery/../images/dec31gallery/characters/pink_minnie-Edit.webp
9
import sesame_street-Edit_hd from ./../../images/gallery/../images/dec31gallery/characters/sesame_street-Edit.jpg
9
import sesame_street-Edit from ./../../images/gallery/../images/dec31gallery/characters/sesame_street-Edit.webp
9
import sonic-Edit_hd from ./../../images/gallery/../images/dec31gallery/characters/sonic-Edit.jpg
9
import sonic-Edit from ./../../images/gallery/../images/dec31gallery/characters/sonic-Edit.webp
9
import sonic_3-Edit_hd from ./../../images/gallery/../images/dec31gallery/characters/sonic_3-Edit.jpg
9
import sonic_3-Edit from ./../../images/gallery/../images/dec31gallery/characters/sonic_3-Edit.webp
9
import spider_man-Edit_hd from ./../../images/gallery/../images/dec31gallery/characters/spider_man-Edit.jpg
9
import spider_man-Edit from ./../../images/gallery/../images/dec31gallery/characters/spider_man-Edit.webp
9
import spider_man_2-Edit_hd from ./../../images/gallery/../images/dec31gallery/characters/spider_man_2-Edit.jpg
9
import spider_man_2-Edit from ./../../images/gallery/../images/dec31gallery/characters/spider_man_2-Edit.webp
9
import spiderman_3-Edit_hd from ./../../images/gallery/../images/dec31gallery/characters/spiderman_3-Edit.jpg
9
import spiderman_3-Edit from ./../../images/gallery/../images/dec31gallery/characters/spiderman_3-Edit.webp
9
import sponge_bob-Edit_hd from ./../../images/gallery/../images/dec31gallery/characters/sponge_bob-Edit.jpg
9
import sponge_bob-Edit from ./../../images/gallery/../images/dec31gallery/characters/sponge_bob-Edit.webp
9
import test.txt_hd from ./../../images/gallery/../images/dec31gallery/characters/test.txt
9
import twin_fox-Edit_hd from ./../../images/gallery/../images/dec31gallery/characters/twin_fox-Edit.jpg
9
import twin_fox-Edit from ./../../images/gallery/../images/dec31gallery/characters/twin_fox-Edit.webp
9
import winnie_bee-Edit_hd from ./../../images/gallery/../images/dec31gallery/characters/winnie_bee-Edit.jpg
9
import winnie_bee-Edit from ./../../images/gallery/../images/dec31gallery/characters/winnie_bee-Edit.webp
9
import winnie_poo_3-Edit_hd from ./../../images/gallery/../images/dec31gallery/characters/winnie_poo_3-Edit.jpg
9
import winnie_poo_3-Edit from ./../../images/gallery/../images/dec31gallery/characters/winnie_poo_3-Edit.webp
9
import winnie_poo_honey-Edit_hd from ./../../images/gallery/../images/dec31gallery/characters/winnie_poo_honey-Edit.jpg
9
import winnie_poo_honey-Edit from ./../../images/gallery/../images/dec31gallery/characters/winnie_poo_honey-Edit.webp

import boss_baby-Edit_hd from ./../../images/gallery/../images/dec31gallery/characters/boss_baby-Edit.jpg

import boss_baby-Edit from ./../../images/gallery/../images/dec31gallery/characters/boss_baby-Edit.webp

import cars-Edit_hd from ./../../images/gallery/../images/dec31gallery/characters/cars-Edit.jpg

import cars-Edit from ./../../images/gallery/../images/dec31gallery/characters/cars-Edit.webp

import coco_melon-Edit_hd from ./../../images/gallery/../images/dec31gallery/characters/coco_melon-Edit.jpg

import coco_melon-Edit from ./../../images/gallery/../images/dec31gallery/characters/coco_melon-Edit.webp

import data.jsx_hd from ./../../images/gallery/../images/dec31gallery/characters/data.jsx

import disney_princess-Edit_hd from ./../../images/gallery/../images/dec31gallery/characters/disney_princess-Edit.jpg

import disney_princess-Edit from ./../../images/gallery/../images/dec31gallery/characters/disney_princess-Edit.webp

import dragon_ball-Edit_hd from ./../../images/gallery/../images/dec31gallery/characters/dragon_ball-Edit.jpg

import dragon_ball-Edit from ./../../images/gallery/../images/dec31gallery/characters/dragon_ball-Edit.webp

import elsa-Edit_hd from ./../../images/gallery/../images/dec31gallery/characters/elsa-Edit.jpg

import elsa-Edit from ./../../images/gallery/../images/dec31gallery/characters/elsa-Edit.webp

import iron_man_hulk-Edit_hd from ./../../images/gallery/../images/dec31gallery/characters/iron_man_hulk-Edit.jpg

import iron_man_hulk-Edit from ./../../images/gallery/../images/dec31gallery/characters/iron_man_hulk-Edit.webp

import kirby-Edit_hd from ./../../images/gallery/../images/dec31gallery/characters/kirby-Edit.jpg

import kirby-Edit from ./../../images/gallery/../images/dec31gallery/characters/kirby-Edit.webp

import lego_ninja-Edit_hd from ./../../images/gallery/../images/dec31gallery/characters/lego_ninja-Edit.jpg

import lego_ninja-Edit from ./../../images/gallery/../images/dec31gallery/characters/lego_ninja-Edit.webp

import mario-Edit_hd from ./../../images/gallery/../images/dec31gallery/characters/mario-Edit.jpg

import mario-Edit from ./../../images/gallery/../images/dec31gallery/characters/mario-Edit.webp

import marvel-Edit_hd from ./../../images/gallery/../images/dec31gallery/characters/marvel-Edit.jpg

import marvel-Edit from ./../../images/gallery/../images/dec31gallery/characters/marvel-Edit.webp

import mickey_mouse-Edit_hd from ./../../images/gallery/../images/dec31gallery/characters/mickey_mouse-Edit.jpg

import mickey_mouse-Edit from ./../../images/gallery/../images/dec31gallery/characters/mickey_mouse-Edit.webp

import minnie-Edit_hd from ./../../images/gallery/../images/dec31gallery/characters/minnie-Edit.jpg

import minnie-Edit from ./../../images/gallery/../images/dec31gallery/characters/minnie-Edit.webp

import minnie_2-Edit_hd from ./../../images/gallery/../images/dec31gallery/characters/minnie_2-Edit.jpg

import minnie_2-Edit from ./../../images/gallery/../images/dec31gallery/characters/minnie_2-Edit.webp

import minnie_mouse-Edit_hd from ./../../images/gallery/../images/dec31gallery/characters/minnie_mouse-Edit.jpg

import minnie_mouse-Edit from ./../../images/gallery/../images/dec31gallery/characters/minnie_mouse-Edit.webp

import naruto-Edit_hd from ./../../images/gallery/../images/dec31gallery/characters/naruto-Edit.jpg

import naruto-Edit from ./../../images/gallery/../images/dec31gallery/characters/naruto-Edit.webp

import octonauts-Edit_hd from ./../../images/gallery/../images/dec31gallery/characters/octonauts-Edit.jpg

import octonauts-Edit from ./../../images/gallery/../images/dec31gallery/characters/octonauts-Edit.webp

import peppa_pig-Edit_hd from ./../../images/gallery/../images/dec31gallery/characters/peppa_pig-Edit.jpg

import peppa_pig-Edit from ./../../images/gallery/../images/dec31gallery/characters/peppa_pig-Edit.webp

import pink_minnie-Edit_hd from ./../../images/gallery/../images/dec31gallery/characters/pink_minnie-Edit.jpg

import pink_minnie-Edit from ./../../images/gallery/../images/dec31gallery/characters/pink_minnie-Edit.webp

import sesame_street-Edit_hd from ./../../images/gallery/../images/dec31gallery/characters/sesame_street-Edit.jpg

import sesame_street-Edit from ./../../images/gallery/../images/dec31gallery/characters/sesame_street-Edit.webp

import sonic-Edit_hd from ./../../images/gallery/../images/dec31gallery/characters/sonic-Edit.jpg

import sonic-Edit from ./../../images/gallery/../images/dec31gallery/characters/sonic-Edit.webp

import sonic_3-Edit_hd from ./../../images/gallery/../images/dec31gallery/characters/sonic_3-Edit.jpg

import sonic_3-Edit from ./../../images/gallery/../images/dec31gallery/characters/sonic_3-Edit.webp

import spider_man-Edit_hd from ./../../images/gallery/../images/dec31gallery/characters/spider_man-Edit.jpg

import spider_man-Edit from ./../../images/gallery/../images/dec31gallery/characters/spider_man-Edit.webp

import spider_man_2-Edit_hd from ./../../images/gallery/../images/dec31gallery/characters/spider_man_2-Edit.jpg

import spider_man_2-Edit from ./../../images/gallery/../images/dec31gallery/characters/spider_man_2-Edit.webp

import spiderman_3-Edit_hd from ./../../images/gallery/../images/dec31gallery/characters/spiderman_3-Edit.jpg

import spiderman_3-Edit from ./../../images/gallery/../images/dec31gallery/characters/spiderman_3-Edit.webp

import sponge_bob-Edit_hd from ./../../images/gallery/../images/dec31gallery/characters/sponge_bob-Edit.jpg

import sponge_bob-Edit from ./../../images/gallery/../images/dec31gallery/characters/sponge_bob-Edit.webp

import test.txt_hd from ./../../images/gallery/../images/dec31gallery/characters/test.txt

import twin_fox-Edit_hd from ./../../images/gallery/../images/dec31gallery/characters/twin_fox-Edit.jpg

import twin_fox-Edit from ./../../images/gallery/../images/dec31gallery/characters/twin_fox-Edit.webp

import winnie_bee-Edit_hd from ./../../images/gallery/../images/dec31gallery/characters/winnie_bee-Edit.jpg

import winnie_bee-Edit from ./../../images/gallery/../images/dec31gallery/characters/winnie_bee-Edit.webp

import winnie_poo_3-Edit_hd from ./../../images/gallery/../images/dec31gallery/characters/winnie_poo_3-Edit.jpg

import winnie_poo_3-Edit from ./../../images/gallery/../images/dec31gallery/characters/winnie_poo_3-Edit.webp

import winnie_poo_honey-Edit_hd from ./../../images/gallery/../images/dec31gallery/characters/winnie_poo_honey-Edit.jpg

import winnie_poo_honey-Edit from ./../../images/gallery/../images/dec31gallery/characters/winnie_poo_honey-Edit.webp
