import winnie_poo_honey-Edit from ./../../images/gallery/../images/dec31gallery/signature/winnie_poo_honey-Edit.webp
import blue_crown-Edit_hd from ./../../images/gallery/../images/dec31gallery/signature/blue_crown-Edit.jpg
import blue_crown-Edit from ./../../images/gallery/../images/dec31gallery/signature/blue_crown-Edit.webp
import blue_petals-Edit-Edit_hd from ./../../images/gallery/../images/dec31gallery/signature/blue_petals-Edit-Edit.jpg
import blue_petals-Edit-Edit from ./../../images/gallery/../images/dec31gallery/signature/blue_petals-Edit-Edit.webp
import boss_baby-Edit_hd from ./../../images/gallery/../images/dec31gallery/signature/boss_baby-Edit.jpg
import boss_baby-Edit from ./../../images/gallery/../images/dec31gallery/signature/boss_baby-Edit.webp
import cars-Edit_hd from ./../../images/gallery/../images/dec31gallery/signature/cars-Edit.jpg
import cars-Edit from ./../../images/gallery/../images/dec31gallery/signature/cars-Edit.webp
import coco_melon-Edit_hd from ./../../images/gallery/../images/dec31gallery/signature/coco_melon-Edit.jpg
import coco_melon-Edit from ./../../images/gallery/../images/dec31gallery/signature/coco_melon-Edit.webp
import data.jsx_hd from ./../../images/gallery/../images/dec31gallery/signature/data.jsx
import disney_princess-Edit_hd from ./../../images/gallery/../images/dec31gallery/signature/disney_princess-Edit.jpg
import disney_princess-Edit from ./../../images/gallery/../images/dec31gallery/signature/disney_princess-Edit.webp
import donuts_2-Edit_hd from ./../../images/gallery/../images/dec31gallery/signature/donuts_2-Edit.jpg
import donuts_2-Edit from ./../../images/gallery/../images/dec31gallery/signature/donuts_2-Edit.webp
import dragon_ball-Edit_hd from ./../../images/gallery/../images/dec31gallery/signature/dragon_ball-Edit.jpg
import dragon_ball-Edit from ./../../images/gallery/../images/dec31gallery/signature/dragon_ball-Edit.webp
import elsa-Edit_hd from ./../../images/gallery/../images/dec31gallery/signature/elsa-Edit.jpg
import elsa-Edit from ./../../images/gallery/../images/dec31gallery/signature/elsa-Edit.webp
import green_abstract-Edit_hd from ./../../images/gallery/../images/dec31gallery/signature/green_abstract-Edit.jpg
import green_abstract-Edit from ./../../images/gallery/../images/dec31gallery/signature/green_abstract-Edit.webp
import green_abstract_2-Edit_hd from ./../../images/gallery/../images/dec31gallery/signature/green_abstract_2-Edit.jpg
import green_abstract_2-Edit from ./../../images/gallery/../images/dec31gallery/signature/green_abstract_2-Edit.webp
import iron_man_hulk-Edit_hd from ./../../images/gallery/../images/dec31gallery/signature/iron_man_hulk-Edit.jpg
import iron_man_hulk-Edit from ./../../images/gallery/../images/dec31gallery/signature/iron_man_hulk-Edit.webp
import kirby-Edit_hd from ./../../images/gallery/../images/dec31gallery/signature/kirby-Edit.jpg
import kirby-Edit from ./../../images/gallery/../images/dec31gallery/signature/kirby-Edit.webp
import lace_black-Edit_hd from ./../../images/gallery/../images/dec31gallery/signature/lace_black-Edit.jpg
import lace_black-Edit from ./../../images/gallery/../images/dec31gallery/signature/lace_black-Edit.webp
import lego_ninja-Edit_hd from ./../../images/gallery/../images/dec31gallery/signature/lego_ninja-Edit.jpg
import lego_ninja-Edit from ./../../images/gallery/../images/dec31gallery/signature/lego_ninja-Edit.webp
import mario-Edit_hd from ./../../images/gallery/../images/dec31gallery/signature/mario-Edit.jpg
import mario-Edit from ./../../images/gallery/../images/dec31gallery/signature/mario-Edit.webp
import marvel-Edit_hd from ./../../images/gallery/../images/dec31gallery/signature/marvel-Edit.jpg
import marvel-Edit from ./../../images/gallery/../images/dec31gallery/signature/marvel-Edit.webp
import mickey_mouse-Edit_hd from ./../../images/gallery/../images/dec31gallery/signature/mickey_mouse-Edit.jpg
import mickey_mouse-Edit from ./../../images/gallery/../images/dec31gallery/signature/mickey_mouse-Edit.webp
import minnie-Edit_hd from ./../../images/gallery/../images/dec31gallery/signature/minnie-Edit.jpg
import minnie-Edit from ./../../images/gallery/../images/dec31gallery/signature/minnie-Edit.webp
import minnie_2-Edit_hd from ./../../images/gallery/../images/dec31gallery/signature/minnie_2-Edit.jpg
import minnie_2-Edit from ./../../images/gallery/../images/dec31gallery/signature/minnie_2-Edit.webp
import minnie_mouse-Edit_hd from ./../../images/gallery/../images/dec31gallery/signature/minnie_mouse-Edit.jpg
import minnie_mouse-Edit from ./../../images/gallery/../images/dec31gallery/signature/minnie_mouse-Edit.webp
import naruto-Edit_hd from ./../../images/gallery/../images/dec31gallery/signature/naruto-Edit.jpg
import naruto-Edit from ./../../images/gallery/../images/dec31gallery/signature/naruto-Edit.webp
import octonauts-Edit_hd from ./../../images/gallery/../images/dec31gallery/signature/octonauts-Edit.jpg
import octonauts-Edit from ./../../images/gallery/../images/dec31gallery/signature/octonauts-Edit.webp
import ombre_pink-Edit-2_hd from ./../../images/gallery/../images/dec31gallery/signature/ombre_pink-Edit-2.jpg
import ombre_pink-Edit-2 from ./../../images/gallery/../images/dec31gallery/signature/ombre_pink-Edit-2.webp
import peppa_pig-Edit_hd from ./../../images/gallery/../images/dec31gallery/signature/peppa_pig-Edit.jpg
import peppa_pig-Edit from ./../../images/gallery/../images/dec31gallery/signature/peppa_pig-Edit.webp
import pink_minnie-Edit_hd from ./../../images/gallery/../images/dec31gallery/signature/pink_minnie-Edit.jpg
import pink_minnie-Edit from ./../../images/gallery/../images/dec31gallery/signature/pink_minnie-Edit.webp
import pink_twin-Edit_hd from ./../../images/gallery/../images/dec31gallery/signature/pink_twin-Edit.jpg
import pink_twin-Edit from ./../../images/gallery/../images/dec31gallery/signature/pink_twin-Edit.webp
import purple_leave-Edit_hd from ./../../images/gallery/../images/dec31gallery/signature/purple_leave-Edit.jpg
import purple_leave-Edit from ./../../images/gallery/../images/dec31gallery/signature/purple_leave-Edit.webp
import rainbow-Edit_hd from ./../../images/gallery/../images/dec31gallery/signature/rainbow-Edit.jpg
import rainbow-Edit from ./../../images/gallery/../images/dec31gallery/signature/rainbow-Edit.webp
import red_abstract-Edit_hd from ./../../images/gallery/../images/dec31gallery/signature/red_abstract-Edit.jpg
import red_abstract-Edit from ./../../images/gallery/../images/dec31gallery/signature/red_abstract-Edit.webp
import sesame_street-Edit_hd from ./../../images/gallery/../images/dec31gallery/signature/sesame_street-Edit.jpg
import sesame_street-Edit from ./../../images/gallery/../images/dec31gallery/signature/sesame_street-Edit.webp
import sonic-Edit_hd from ./../../images/gallery/../images/dec31gallery/signature/sonic-Edit.jpg
import sonic-Edit from ./../../images/gallery/../images/dec31gallery/signature/sonic-Edit.webp
import sonic_3-Edit_hd from ./../../images/gallery/../images/dec31gallery/signature/sonic_3-Edit.jpg
import sonic_3-Edit from ./../../images/gallery/../images/dec31gallery/signature/sonic_3-Edit.webp
import spider_man-Edit_hd from ./../../images/gallery/../images/dec31gallery/signature/spider_man-Edit.jpg
import spider_man-Edit from ./../../images/gallery/../images/dec31gallery/signature/spider_man-Edit.webp
import spider_man_2-Edit_hd from ./../../images/gallery/../images/dec31gallery/signature/spider_man_2-Edit.jpg
import spider_man_2-Edit from ./../../images/gallery/../images/dec31gallery/signature/spider_man_2-Edit.webp
import spiderman_3-Edit_hd from ./../../images/gallery/../images/dec31gallery/signature/spiderman_3-Edit.jpg
import spiderman_3-Edit from ./../../images/gallery/../images/dec31gallery/signature/spiderman_3-Edit.webp
import sponge_bob-Edit_hd from ./../../images/gallery/../images/dec31gallery/signature/sponge_bob-Edit.jpg
import sponge_bob-Edit from ./../../images/gallery/../images/dec31gallery/signature/sponge_bob-Edit.webp
import test.txt_hd from ./../../images/gallery/../images/dec31gallery/signature/test.txt
import tiara-Edit_hd from ./../../images/gallery/../images/dec31gallery/signature/tiara-Edit.jpg
import tiara-Edit from ./../../images/gallery/../images/dec31gallery/signature/tiara-Edit.webp
import twin_fox-Edit_hd from ./../../images/gallery/../images/dec31gallery/signature/twin_fox-Edit.jpg
import twin_fox-Edit from ./../../images/gallery/../images/dec31gallery/signature/twin_fox-Edit.webp
import winnie_bee-Edit_hd from ./../../images/gallery/../images/dec31gallery/signature/winnie_bee-Edit.jpg
import winnie_bee-Edit from ./../../images/gallery/../images/dec31gallery/signature/winnie_bee-Edit.webp
import winnie_poo_3-Edit_hd from ./../../images/gallery/../images/dec31gallery/signature/winnie_poo_3-Edit.jpg
import winnie_poo_3-Edit from ./../../images/gallery/../images/dec31gallery/signature/winnie_poo_3-Edit.webp
import winnie_poo_honey-Edit_hd from ./../../images/gallery/../images/dec31gallery/signature/winnie_poo_honey-Edit.jpg
import winnie_poo_honey-Edit from ./../../images/gallery/../images/dec31gallery/signature/winnie_poo_honey-Edit.webp
import blue_crown-Edit_hd from ./../../images/gallery/../images/dec31gallery/signature/blue_crown-Edit.jpg
import blue_crown-Edit from ./../../images/gallery/../images/dec31gallery/signature/blue_crown-Edit.webp
import blue_petals-Edit-Edit_hd from ./../../images/gallery/../images/dec31gallery/signature/blue_petals-Edit-Edit.jpg
import blue_petals-Edit-Edit from ./../../images/gallery/../images/dec31gallery/signature/blue_petals-Edit-Edit.webp
import boss_baby-Edit_hd from ./../../images/gallery/../images/dec31gallery/signature/boss_baby-Edit.jpg
import boss_baby-Edit from ./../../images/gallery/../images/dec31gallery/signature/boss_baby-Edit.webp
import cars-Edit_hd from ./../../images/gallery/../images/dec31gallery/signature/cars-Edit.jpg
import cars-Edit from ./../../images/gallery/../images/dec31gallery/signature/cars-Edit.webp
import coco_melon-Edit_hd from ./../../images/gallery/../images/dec31gallery/signature/coco_melon-Edit.jpg
import coco_melon-Edit from ./../../images/gallery/../images/dec31gallery/signature/coco_melon-Edit.webp
import data.jsx_hd from ./../../images/gallery/../images/dec31gallery/signature/data.jsx
import disney_princess-Edit_hd from ./../../images/gallery/../images/dec31gallery/signature/disney_princess-Edit.jpg
import disney_princess-Edit from ./../../images/gallery/../images/dec31gallery/signature/disney_princess-Edit.webp
import donuts_2-Edit_hd from ./../../images/gallery/../images/dec31gallery/signature/donuts_2-Edit.jpg
import donuts_2-Edit from ./../../images/gallery/../images/dec31gallery/signature/donuts_2-Edit.webp
import dragon_ball-Edit_hd from ./../../images/gallery/../images/dec31gallery/signature/dragon_ball-Edit.jpg
import dragon_ball-Edit from ./../../images/gallery/../images/dec31gallery/signature/dragon_ball-Edit.webp
import elsa-Edit_hd from ./../../images/gallery/../images/dec31gallery/signature/elsa-Edit.jpg
import elsa-Edit from ./../../images/gallery/../images/dec31gallery/signature/elsa-Edit.webp
import green_abstract-Edit_hd from ./../../images/gallery/../images/dec31gallery/signature/green_abstract-Edit.jpg
import green_abstract-Edit from ./../../images/gallery/../images/dec31gallery/signature/green_abstract-Edit.webp
import green_abstract_2-Edit_hd from ./../../images/gallery/../images/dec31gallery/signature/green_abstract_2-Edit.jpg
import green_abstract_2-Edit from ./../../images/gallery/../images/dec31gallery/signature/green_abstract_2-Edit.webp
import iron_man_hulk-Edit_hd from ./../../images/gallery/../images/dec31gallery/signature/iron_man_hulk-Edit.jpg
import iron_man_hulk-Edit from ./../../images/gallery/../images/dec31gallery/signature/iron_man_hulk-Edit.webp
import kirby-Edit_hd from ./../../images/gallery/../images/dec31gallery/signature/kirby-Edit.jpg
import kirby-Edit from ./../../images/gallery/../images/dec31gallery/signature/kirby-Edit.webp
import lace_black-Edit_hd from ./../../images/gallery/../images/dec31gallery/signature/lace_black-Edit.jpg
import lace_black-Edit from ./../../images/gallery/../images/dec31gallery/signature/lace_black-Edit.webp
import lego_ninja-Edit_hd from ./../../images/gallery/../images/dec31gallery/signature/lego_ninja-Edit.jpg
import lego_ninja-Edit from ./../../images/gallery/../images/dec31gallery/signature/lego_ninja-Edit.webp
import mario-Edit_hd from ./../../images/gallery/../images/dec31gallery/signature/mario-Edit.jpg
import mario-Edit from ./../../images/gallery/../images/dec31gallery/signature/mario-Edit.webp
import marvel-Edit_hd from ./../../images/gallery/../images/dec31gallery/signature/marvel-Edit.jpg
import marvel-Edit from ./../../images/gallery/../images/dec31gallery/signature/marvel-Edit.webp
import mickey_mouse-Edit_hd from ./../../images/gallery/../images/dec31gallery/signature/mickey_mouse-Edit.jpg
import mickey_mouse-Edit from ./../../images/gallery/../images/dec31gallery/signature/mickey_mouse-Edit.webp
import minnie-Edit_hd from ./../../images/gallery/../images/dec31gallery/signature/minnie-Edit.jpg
import minnie-Edit from ./../../images/gallery/../images/dec31gallery/signature/minnie-Edit.webp
import minnie_2-Edit_hd from ./../../images/gallery/../images/dec31gallery/signature/minnie_2-Edit.jpg
import minnie_2-Edit from ./../../images/gallery/../images/dec31gallery/signature/minnie_2-Edit.webp
import minnie_mouse-Edit_hd from ./../../images/gallery/../images/dec31gallery/signature/minnie_mouse-Edit.jpg
import minnie_mouse-Edit from ./../../images/gallery/../images/dec31gallery/signature/minnie_mouse-Edit.webp
import naruto-Edit_hd from ./../../images/gallery/../images/dec31gallery/signature/naruto-Edit.jpg
import naruto-Edit from ./../../images/gallery/../images/dec31gallery/signature/naruto-Edit.webp
import octonauts-Edit_hd from ./../../images/gallery/../images/dec31gallery/signature/octonauts-Edit.jpg
import octonauts-Edit from ./../../images/gallery/../images/dec31gallery/signature/octonauts-Edit.webp
import ombre_pink-Edit-2_hd from ./../../images/gallery/../images/dec31gallery/signature/ombre_pink-Edit-2.jpg
import ombre_pink-Edit-2 from ./../../images/gallery/../images/dec31gallery/signature/ombre_pink-Edit-2.webp
import peppa_pig-Edit_hd from ./../../images/gallery/../images/dec31gallery/signature/peppa_pig-Edit.jpg
import peppa_pig-Edit from ./../../images/gallery/../images/dec31gallery/signature/peppa_pig-Edit.webp
import pink_minnie-Edit_hd from ./../../images/gallery/../images/dec31gallery/signature/pink_minnie-Edit.jpg
import pink_minnie-Edit from ./../../images/gallery/../images/dec31gallery/signature/pink_minnie-Edit.webp
import pink_twin-Edit_hd from ./../../images/gallery/../images/dec31gallery/signature/pink_twin-Edit.jpg
import pink_twin-Edit from ./../../images/gallery/../images/dec31gallery/signature/pink_twin-Edit.webp
import purple_leave-Edit_hd from ./../../images/gallery/../images/dec31gallery/signature/purple_leave-Edit.jpg
import purple_leave-Edit from ./../../images/gallery/../images/dec31gallery/signature/purple_leave-Edit.webp
import rainbow-Edit_hd from ./../../images/gallery/../images/dec31gallery/signature/rainbow-Edit.jpg
import rainbow-Edit from ./../../images/gallery/../images/dec31gallery/signature/rainbow-Edit.webp
import red_abstract-Edit_hd from ./../../images/gallery/../images/dec31gallery/signature/red_abstract-Edit.jpg
import red_abstract-Edit from ./../../images/gallery/../images/dec31gallery/signature/red_abstract-Edit.webp
import sesame_street-Edit_hd from ./../../images/gallery/../images/dec31gallery/signature/sesame_street-Edit.jpg
import sesame_street-Edit from ./../../images/gallery/../images/dec31gallery/signature/sesame_street-Edit.webp
import sonic-Edit_hd from ./../../images/gallery/../images/dec31gallery/signature/sonic-Edit.jpg
import sonic-Edit from ./../../images/gallery/../images/dec31gallery/signature/sonic-Edit.webp
import sonic_3-Edit_hd from ./../../images/gallery/../images/dec31gallery/signature/sonic_3-Edit.jpg
import sonic_3-Edit from ./../../images/gallery/../images/dec31gallery/signature/sonic_3-Edit.webp
import spider_man-Edit_hd from ./../../images/gallery/../images/dec31gallery/signature/spider_man-Edit.jpg
import spider_man-Edit from ./../../images/gallery/../images/dec31gallery/signature/spider_man-Edit.webp
import spider_man_2-Edit_hd from ./../../images/gallery/../images/dec31gallery/signature/spider_man_2-Edit.jpg
import spider_man_2-Edit from ./../../images/gallery/../images/dec31gallery/signature/spider_man_2-Edit.webp
import spiderman_3-Edit_hd from ./../../images/gallery/../images/dec31gallery/signature/spiderman_3-Edit.jpg
import spiderman_3-Edit from ./../../images/gallery/../images/dec31gallery/signature/spiderman_3-Edit.webp
import sponge_bob-Edit_hd from ./../../images/gallery/../images/dec31gallery/signature/sponge_bob-Edit.jpg
import sponge_bob-Edit from ./../../images/gallery/../images/dec31gallery/signature/sponge_bob-Edit.webp
import test.txt_hd from ./../../images/gallery/../images/dec31gallery/signature/test.txt
import tiara-Edit_hd from ./../../images/gallery/../images/dec31gallery/signature/tiara-Edit.jpg
import tiara-Edit from ./../../images/gallery/../images/dec31gallery/signature/tiara-Edit.webp
import twin_fox-Edit_hd from ./../../images/gallery/../images/dec31gallery/signature/twin_fox-Edit.jpg
import twin_fox-Edit from ./../../images/gallery/../images/dec31gallery/signature/twin_fox-Edit.webp
import winnie_bee-Edit_hd from ./../../images/gallery/../images/dec31gallery/signature/winnie_bee-Edit.jpg
import winnie_bee-Edit from ./../../images/gallery/../images/dec31gallery/signature/winnie_bee-Edit.webp
import winnie_poo_3-Edit_hd from ./../../images/gallery/../images/dec31gallery/signature/winnie_poo_3-Edit.jpg
import winnie_poo_3-Edit from ./../../images/gallery/../images/dec31gallery/signature/winnie_poo_3-Edit.webp
import winnie_poo_honey-Edit_hd from ./../../images/gallery/../images/dec31gallery/signature/winnie_poo_honey-Edit.jpg
import winnie_poo_honey-Edit from ./../../images/gallery/../images/dec31gallery/signature/winnie_poo_honey-Edit.webp
import blue_crown-Edit_hd from ./../../images/gallery/../images/dec31gallery/signature/blue_crown-Edit.jpg
import blue_crown-Edit from ./../../images/gallery/../images/dec31gallery/signature/blue_crown-Edit.webp
import blue_petals-Edit-Edit_hd from ./../../images/gallery/../images/dec31gallery/signature/blue_petals-Edit-Edit.jpg
import blue_petals-Edit-Edit from ./../../images/gallery/../images/dec31gallery/signature/blue_petals-Edit-Edit.webp
import boss_baby-Edit_hd from ./../../images/gallery/../images/dec31gallery/signature/boss_baby-Edit.jpg
import boss_baby-Edit from ./../../images/gallery/../images/dec31gallery/signature/boss_baby-Edit.webp
import cars-Edit_hd from ./../../images/gallery/../images/dec31gallery/signature/cars-Edit.jpg
import cars-Edit from ./../../images/gallery/../images/dec31gallery/signature/cars-Edit.webp
import coco_melon-Edit_hd from ./../../images/gallery/../images/dec31gallery/signature/coco_melon-Edit.jpg
import coco_melon-Edit from ./../../images/gallery/../images/dec31gallery/signature/coco_melon-Edit.webp
import data.jsx_hd from ./../../images/gallery/../images/dec31gallery/signature/data.jsx
import disney_princess-Edit_hd from ./../../images/gallery/../images/dec31gallery/signature/disney_princess-Edit.jpg
import disney_princess-Edit from ./../../images/gallery/../images/dec31gallery/signature/disney_princess-Edit.webp
import donuts_2-Edit_hd from ./../../images/gallery/../images/dec31gallery/signature/donuts_2-Edit.jpg
import donuts_2-Edit from ./../../images/gallery/../images/dec31gallery/signature/donuts_2-Edit.webp
import dragon_ball-Edit_hd from ./../../images/gallery/../images/dec31gallery/signature/dragon_ball-Edit.jpg
import dragon_ball-Edit from ./../../images/gallery/../images/dec31gallery/signature/dragon_ball-Edit.webp
import elsa-Edit_hd from ./../../images/gallery/../images/dec31gallery/signature/elsa-Edit.jpg
import elsa-Edit from ./../../images/gallery/../images/dec31gallery/signature/elsa-Edit.webp
import green_abstract-Edit_hd from ./../../images/gallery/../images/dec31gallery/signature/green_abstract-Edit.jpg
import green_abstract-Edit from ./../../images/gallery/../images/dec31gallery/signature/green_abstract-Edit.webp
import green_abstract_2-Edit_hd from ./../../images/gallery/../images/dec31gallery/signature/green_abstract_2-Edit.jpg
import green_abstract_2-Edit from ./../../images/gallery/../images/dec31gallery/signature/green_abstract_2-Edit.webp
import iron_man_hulk-Edit_hd from ./../../images/gallery/../images/dec31gallery/signature/iron_man_hulk-Edit.jpg
import iron_man_hulk-Edit from ./../../images/gallery/../images/dec31gallery/signature/iron_man_hulk-Edit.webp
import kirby-Edit_hd from ./../../images/gallery/../images/dec31gallery/signature/kirby-Edit.jpg
import kirby-Edit from ./../../images/gallery/../images/dec31gallery/signature/kirby-Edit.webp
import lace_black-Edit_hd from ./../../images/gallery/../images/dec31gallery/signature/lace_black-Edit.jpg
import lace_black-Edit from ./../../images/gallery/../images/dec31gallery/signature/lace_black-Edit.webp
import lego_ninja-Edit_hd from ./../../images/gallery/../images/dec31gallery/signature/lego_ninja-Edit.jpg
import lego_ninja-Edit from ./../../images/gallery/../images/dec31gallery/signature/lego_ninja-Edit.webp
import mario-Edit_hd from ./../../images/gallery/../images/dec31gallery/signature/mario-Edit.jpg
import mario-Edit from ./../../images/gallery/../images/dec31gallery/signature/mario-Edit.webp
import marvel-Edit_hd from ./../../images/gallery/../images/dec31gallery/signature/marvel-Edit.jpg
import marvel-Edit from ./../../images/gallery/../images/dec31gallery/signature/marvel-Edit.webp
import mickey_mouse-Edit_hd from ./../../images/gallery/../images/dec31gallery/signature/mickey_mouse-Edit.jpg
import mickey_mouse-Edit from ./../../images/gallery/../images/dec31gallery/signature/mickey_mouse-Edit.webp
import minnie-Edit_hd from ./../../images/gallery/../images/dec31gallery/signature/minnie-Edit.jpg
import minnie-Edit from ./../../images/gallery/../images/dec31gallery/signature/minnie-Edit.webp
import minnie_2-Edit_hd from ./../../images/gallery/../images/dec31gallery/signature/minnie_2-Edit.jpg
import minnie_2-Edit from ./../../images/gallery/../images/dec31gallery/signature/minnie_2-Edit.webp
import minnie_mouse-Edit_hd from ./../../images/gallery/../images/dec31gallery/signature/minnie_mouse-Edit.jpg
import minnie_mouse-Edit from ./../../images/gallery/../images/dec31gallery/signature/minnie_mouse-Edit.webp
import naruto-Edit_hd from ./../../images/gallery/../images/dec31gallery/signature/naruto-Edit.jpg
import naruto-Edit from ./../../images/gallery/../images/dec31gallery/signature/naruto-Edit.webp
import octonauts-Edit_hd from ./../../images/gallery/../images/dec31gallery/signature/octonauts-Edit.jpg
import octonauts-Edit from ./../../images/gallery/../images/dec31gallery/signature/octonauts-Edit.webp
import ombre_pink-Edit-2_hd from ./../../images/gallery/../images/dec31gallery/signature/ombre_pink-Edit-2.jpg
import ombre_pink-Edit-2 from ./../../images/gallery/../images/dec31gallery/signature/ombre_pink-Edit-2.webp
import peppa_pig-Edit_hd from ./../../images/gallery/../images/dec31gallery/signature/peppa_pig-Edit.jpg
import peppa_pig-Edit from ./../../images/gallery/../images/dec31gallery/signature/peppa_pig-Edit.webp
import pink_minnie-Edit_hd from ./../../images/gallery/../images/dec31gallery/signature/pink_minnie-Edit.jpg
import pink_minnie-Edit from ./../../images/gallery/../images/dec31gallery/signature/pink_minnie-Edit.webp
import pink_twin-Edit_hd from ./../../images/gallery/../images/dec31gallery/signature/pink_twin-Edit.jpg
import pink_twin-Edit from ./../../images/gallery/../images/dec31gallery/signature/pink_twin-Edit.webp
import purple_leave-Edit_hd from ./../../images/gallery/../images/dec31gallery/signature/purple_leave-Edit.jpg
import purple_leave-Edit from ./../../images/gallery/../images/dec31gallery/signature/purple_leave-Edit.webp
import rainbow-Edit_hd from ./../../images/gallery/../images/dec31gallery/signature/rainbow-Edit.jpg
import rainbow-Edit from ./../../images/gallery/../images/dec31gallery/signature/rainbow-Edit.webp
import red_abstract-Edit_hd from ./../../images/gallery/../images/dec31gallery/signature/red_abstract-Edit.jpg
import red_abstract-Edit from ./../../images/gallery/../images/dec31gallery/signature/red_abstract-Edit.webp
import sesame_street-Edit_hd from ./../../images/gallery/../images/dec31gallery/signature/sesame_street-Edit.jpg
import sesame_street-Edit from ./../../images/gallery/../images/dec31gallery/signature/sesame_street-Edit.webp
import sonic-Edit_hd from ./../../images/gallery/../images/dec31gallery/signature/sonic-Edit.jpg
import sonic-Edit from ./../../images/gallery/../images/dec31gallery/signature/sonic-Edit.webp
import sonic_3-Edit_hd from ./../../images/gallery/../images/dec31gallery/signature/sonic_3-Edit.jpg
import sonic_3-Edit from ./../../images/gallery/../images/dec31gallery/signature/sonic_3-Edit.webp
import spider_man-Edit_hd from ./../../images/gallery/../images/dec31gallery/signature/spider_man-Edit.jpg
import spider_man-Edit from ./../../images/gallery/../images/dec31gallery/signature/spider_man-Edit.webp
import spider_man_2-Edit_hd from ./../../images/gallery/../images/dec31gallery/signature/spider_man_2-Edit.jpg
import spider_man_2-Edit from ./../../images/gallery/../images/dec31gallery/signature/spider_man_2-Edit.webp
import spiderman_3-Edit_hd from ./../../images/gallery/../images/dec31gallery/signature/spiderman_3-Edit.jpg
import spiderman_3-Edit from ./../../images/gallery/../images/dec31gallery/signature/spiderman_3-Edit.webp
import sponge_bob-Edit_hd from ./../../images/gallery/../images/dec31gallery/signature/sponge_bob-Edit.jpg
import sponge_bob-Edit from ./../../images/gallery/../images/dec31gallery/signature/sponge_bob-Edit.webp
import test.txt_hd from ./../../images/gallery/../images/dec31gallery/signature/test.txt
import tiara-Edit_hd from ./../../images/gallery/../images/dec31gallery/signature/tiara-Edit.jpg
import tiara-Edit from ./../../images/gallery/../images/dec31gallery/signature/tiara-Edit.webp
import twin_fox-Edit_hd from ./../../images/gallery/../images/dec31gallery/signature/twin_fox-Edit.jpg
import twin_fox-Edit from ./../../images/gallery/../images/dec31gallery/signature/twin_fox-Edit.webp
import winnie_bee-Edit_hd from ./../../images/gallery/../images/dec31gallery/signature/winnie_bee-Edit.jpg
import winnie_bee-Edit from ./../../images/gallery/../images/dec31gallery/signature/winnie_bee-Edit.webp
import winnie_poo_3-Edit_hd from ./../../images/gallery/../images/dec31gallery/signature/winnie_poo_3-Edit.jpg
import winnie_poo_3-Edit from ./../../images/gallery/../images/dec31gallery/signature/winnie_poo_3-Edit.webp
import winnie_poo_honey-Edit_hd from ./../../images/gallery/../images/dec31gallery/signature/winnie_poo_honey-Edit.jpg
import winnie_poo_honey-Edit from ./../../images/gallery/../images/dec31gallery/signature/winnie_poo_honey-Edit.webp
import blue_crown-Edit_hd from ./../../images/gallery/../images/dec31gallery/signature/blue_crown-Edit.jpg
import blue_crown-Edit from ./../../images/gallery/../images/dec31gallery/signature/blue_crown-Edit.webp
import blue_petals-Edit-Edit_hd from ./../../images/gallery/../images/dec31gallery/signature/blue_petals-Edit-Edit.jpg
import blue_petals-Edit-Edit from ./../../images/gallery/../images/dec31gallery/signature/blue_petals-Edit-Edit.webp
import boss_baby-Edit_hd from ./../../images/gallery/../images/dec31gallery/signature/boss_baby-Edit.jpg
import boss_baby-Edit from ./../../images/gallery/../images/dec31gallery/signature/boss_baby-Edit.webp
import cars-Edit_hd from ./../../images/gallery/../images/dec31gallery/signature/cars-Edit.jpg
import cars-Edit from ./../../images/gallery/../images/dec31gallery/signature/cars-Edit.webp
import coco_melon-Edit_hd from ./../../images/gallery/../images/dec31gallery/signature/coco_melon-Edit.jpg
import coco_melon-Edit from ./../../images/gallery/../images/dec31gallery/signature/coco_melon-Edit.webp
import data.jsx_hd from ./../../images/gallery/../images/dec31gallery/signature/data.jsx
import disney_princess-Edit_hd from ./../../images/gallery/../images/dec31gallery/signature/disney_princess-Edit.jpg
import disney_princess-Edit from ./../../images/gallery/../images/dec31gallery/signature/disney_princess-Edit.webp
import donuts_2-Edit_hd from ./../../images/gallery/../images/dec31gallery/signature/donuts_2-Edit.jpg
import donuts_2-Edit from ./../../images/gallery/../images/dec31gallery/signature/donuts_2-Edit.webp
import dragon_ball-Edit_hd from ./../../images/gallery/../images/dec31gallery/signature/dragon_ball-Edit.jpg
import dragon_ball-Edit from ./../../images/gallery/../images/dec31gallery/signature/dragon_ball-Edit.webp
import elsa-Edit_hd from ./../../images/gallery/../images/dec31gallery/signature/elsa-Edit.jpg
import elsa-Edit from ./../../images/gallery/../images/dec31gallery/signature/elsa-Edit.webp
import green_abstract-Edit_hd from ./../../images/gallery/../images/dec31gallery/signature/green_abstract-Edit.jpg
import green_abstract-Edit from ./../../images/gallery/../images/dec31gallery/signature/green_abstract-Edit.webp
import green_abstract_2-Edit_hd from ./../../images/gallery/../images/dec31gallery/signature/green_abstract_2-Edit.jpg
import green_abstract_2-Edit from ./../../images/gallery/../images/dec31gallery/signature/green_abstract_2-Edit.webp
import iron_man_hulk-Edit_hd from ./../../images/gallery/../images/dec31gallery/signature/iron_man_hulk-Edit.jpg
import iron_man_hulk-Edit from ./../../images/gallery/../images/dec31gallery/signature/iron_man_hulk-Edit.webp
import kirby-Edit_hd from ./../../images/gallery/../images/dec31gallery/signature/kirby-Edit.jpg
import kirby-Edit from ./../../images/gallery/../images/dec31gallery/signature/kirby-Edit.webp
import lace_black-Edit_hd from ./../../images/gallery/../images/dec31gallery/signature/lace_black-Edit.jpg
import lace_black-Edit from ./../../images/gallery/../images/dec31gallery/signature/lace_black-Edit.webp
import lego_ninja-Edit_hd from ./../../images/gallery/../images/dec31gallery/signature/lego_ninja-Edit.jpg
import lego_ninja-Edit from ./../../images/gallery/../images/dec31gallery/signature/lego_ninja-Edit.webp
import mario-Edit_hd from ./../../images/gallery/../images/dec31gallery/signature/mario-Edit.jpg
import mario-Edit from ./../../images/gallery/../images/dec31gallery/signature/mario-Edit.webp
import marvel-Edit_hd from ./../../images/gallery/../images/dec31gallery/signature/marvel-Edit.jpg
import marvel-Edit from ./../../images/gallery/../images/dec31gallery/signature/marvel-Edit.webp
import mickey_mouse-Edit_hd from ./../../images/gallery/../images/dec31gallery/signature/mickey_mouse-Edit.jpg
import mickey_mouse-Edit from ./../../images/gallery/../images/dec31gallery/signature/mickey_mouse-Edit.webp
import minnie-Edit_hd from ./../../images/gallery/../images/dec31gallery/signature/minnie-Edit.jpg
import minnie-Edit from ./../../images/gallery/../images/dec31gallery/signature/minnie-Edit.webp
import minnie_2-Edit_hd from ./../../images/gallery/../images/dec31gallery/signature/minnie_2-Edit.jpg
import minnie_2-Edit from ./../../images/gallery/../images/dec31gallery/signature/minnie_2-Edit.webp
import minnie_mouse-Edit_hd from ./../../images/gallery/../images/dec31gallery/signature/minnie_mouse-Edit.jpg
import minnie_mouse-Edit from ./../../images/gallery/../images/dec31gallery/signature/minnie_mouse-Edit.webp
import naruto-Edit_hd from ./../../images/gallery/../images/dec31gallery/signature/naruto-Edit.jpg
import naruto-Edit from ./../../images/gallery/../images/dec31gallery/signature/naruto-Edit.webp
import octonauts-Edit_hd from ./../../images/gallery/../images/dec31gallery/signature/octonauts-Edit.jpg
import octonauts-Edit from ./../../images/gallery/../images/dec31gallery/signature/octonauts-Edit.webp
import ombre_pink-Edit-2_hd from ./../../images/gallery/../images/dec31gallery/signature/ombre_pink-Edit-2.jpg
import ombre_pink-Edit-2 from ./../../images/gallery/../images/dec31gallery/signature/ombre_pink-Edit-2.webp
import peppa_pig-Edit_hd from ./../../images/gallery/../images/dec31gallery/signature/peppa_pig-Edit.jpg
import peppa_pig-Edit from ./../../images/gallery/../images/dec31gallery/signature/peppa_pig-Edit.webp
import pink_minnie-Edit_hd from ./../../images/gallery/../images/dec31gallery/signature/pink_minnie-Edit.jpg
import pink_minnie-Edit from ./../../images/gallery/../images/dec31gallery/signature/pink_minnie-Edit.webp
import pink_twin-Edit_hd from ./../../images/gallery/../images/dec31gallery/signature/pink_twin-Edit.jpg
import pink_twin-Edit from ./../../images/gallery/../images/dec31gallery/signature/pink_twin-Edit.webp
import purple_leave-Edit_hd from ./../../images/gallery/../images/dec31gallery/signature/purple_leave-Edit.jpg
import purple_leave-Edit from ./../../images/gallery/../images/dec31gallery/signature/purple_leave-Edit.webp
import rainbow-Edit_hd from ./../../images/gallery/../images/dec31gallery/signature/rainbow-Edit.jpg
import rainbow-Edit from ./../../images/gallery/../images/dec31gallery/signature/rainbow-Edit.webp
import red_abstract-Edit_hd from ./../../images/gallery/../images/dec31gallery/signature/red_abstract-Edit.jpg
import red_abstract-Edit from ./../../images/gallery/../images/dec31gallery/signature/red_abstract-Edit.webp
import sesame_street-Edit_hd from ./../../images/gallery/../images/dec31gallery/signature/sesame_street-Edit.jpg
import sesame_street-Edit from ./../../images/gallery/../images/dec31gallery/signature/sesame_street-Edit.webp
import sonic-Edit_hd from ./../../images/gallery/../images/dec31gallery/signature/sonic-Edit.jpg
import sonic-Edit from ./../../images/gallery/../images/dec31gallery/signature/sonic-Edit.webp
import sonic_3-Edit_hd from ./../../images/gallery/../images/dec31gallery/signature/sonic_3-Edit.jpg
import sonic_3-Edit from ./../../images/gallery/../images/dec31gallery/signature/sonic_3-Edit.webp
import spider_man-Edit_hd from ./../../images/gallery/../images/dec31gallery/signature/spider_man-Edit.jpg
import spider_man-Edit from ./../../images/gallery/../images/dec31gallery/signature/spider_man-Edit.webp
import spider_man_2-Edit_hd from ./../../images/gallery/../images/dec31gallery/signature/spider_man_2-Edit.jpg
import spider_man_2-Edit from ./../../images/gallery/../images/dec31gallery/signature/spider_man_2-Edit.webp
import spiderman_3-Edit_hd from ./../../images/gallery/../images/dec31gallery/signature/spiderman_3-Edit.jpg
import spiderman_3-Edit from ./../../images/gallery/../images/dec31gallery/signature/spiderman_3-Edit.webp
import sponge_bob-Edit_hd from ./../../images/gallery/../images/dec31gallery/signature/sponge_bob-Edit.jpg
import sponge_bob-Edit from ./../../images/gallery/../images/dec31gallery/signature/sponge_bob-Edit.webp
import test.txt_hd from ./../../images/gallery/../images/dec31gallery/signature/test.txt
import tiara-Edit_hd from ./../../images/gallery/../images/dec31gallery/signature/tiara-Edit.jpg
import tiara-Edit from ./../../images/gallery/../images/dec31gallery/signature/tiara-Edit.webp
import twin_fox-Edit_hd from ./../../images/gallery/../images/dec31gallery/signature/twin_fox-Edit.jpg
import twin_fox-Edit from ./../../images/gallery/../images/dec31gallery/signature/twin_fox-Edit.webp
import winnie_bee-Edit_hd from ./../../images/gallery/../images/dec31gallery/signature/winnie_bee-Edit.jpg
import winnie_bee-Edit from ./../../images/gallery/../images/dec31gallery/signature/winnie_bee-Edit.webp
import winnie_poo_3-Edit_hd from ./../../images/gallery/../images/dec31gallery/signature/winnie_poo_3-Edit.jpg
import winnie_poo_3-Edit from ./../../images/gallery/../images/dec31gallery/signature/winnie_poo_3-Edit.webp
import winnie_poo_honey-Edit_hd from ./../../images/gallery/../images/dec31gallery/signature/winnie_poo_honey-Edit.jpg
import winnie_poo_honey-Edit from ./../../images/gallery/../images/dec31gallery/signature/winnie_poo_honey-Edit.webp
9
import blue_crown-Edit_hd from ./../../images/gallery/../images/dec31gallery/signature/blue_crown-Edit.jpg
9
import blue_crown-Edit from ./../../images/gallery/../images/dec31gallery/signature/blue_crown-Edit.webp
9
import blue_petals-Edit-Edit_hd from ./../../images/gallery/../images/dec31gallery/signature/blue_petals-Edit-Edit.jpg
9
import blue_petals-Edit-Edit from ./../../images/gallery/../images/dec31gallery/signature/blue_petals-Edit-Edit.webp
9
import boss_baby-Edit_hd from ./../../images/gallery/../images/dec31gallery/signature/boss_baby-Edit.jpg
9
import boss_baby-Edit from ./../../images/gallery/../images/dec31gallery/signature/boss_baby-Edit.webp
9
import cars-Edit_hd from ./../../images/gallery/../images/dec31gallery/signature/cars-Edit.jpg
9
import cars-Edit from ./../../images/gallery/../images/dec31gallery/signature/cars-Edit.webp
9
import coco_melon-Edit_hd from ./../../images/gallery/../images/dec31gallery/signature/coco_melon-Edit.jpg
9
import coco_melon-Edit from ./../../images/gallery/../images/dec31gallery/signature/coco_melon-Edit.webp
9
import data.jsx_hd from ./../../images/gallery/../images/dec31gallery/signature/data.jsx
9
import disney_princess-Edit_hd from ./../../images/gallery/../images/dec31gallery/signature/disney_princess-Edit.jpg
9
import disney_princess-Edit from ./../../images/gallery/../images/dec31gallery/signature/disney_princess-Edit.webp
9
import donuts_2-Edit_hd from ./../../images/gallery/../images/dec31gallery/signature/donuts_2-Edit.jpg
9
import donuts_2-Edit from ./../../images/gallery/../images/dec31gallery/signature/donuts_2-Edit.webp
9
import dragon_ball-Edit_hd from ./../../images/gallery/../images/dec31gallery/signature/dragon_ball-Edit.jpg
9
import dragon_ball-Edit from ./../../images/gallery/../images/dec31gallery/signature/dragon_ball-Edit.webp
9
import elsa-Edit_hd from ./../../images/gallery/../images/dec31gallery/signature/elsa-Edit.jpg
9
import elsa-Edit from ./../../images/gallery/../images/dec31gallery/signature/elsa-Edit.webp
9
import green_abstract-Edit_hd from ./../../images/gallery/../images/dec31gallery/signature/green_abstract-Edit.jpg
9
import green_abstract-Edit from ./../../images/gallery/../images/dec31gallery/signature/green_abstract-Edit.webp
9
import green_abstract_2-Edit_hd from ./../../images/gallery/../images/dec31gallery/signature/green_abstract_2-Edit.jpg
9
import green_abstract_2-Edit from ./../../images/gallery/../images/dec31gallery/signature/green_abstract_2-Edit.webp
9
import iron_man_hulk-Edit_hd from ./../../images/gallery/../images/dec31gallery/signature/iron_man_hulk-Edit.jpg
9
import iron_man_hulk-Edit from ./../../images/gallery/../images/dec31gallery/signature/iron_man_hulk-Edit.webp
9
import kirby-Edit_hd from ./../../images/gallery/../images/dec31gallery/signature/kirby-Edit.jpg
9
import kirby-Edit from ./../../images/gallery/../images/dec31gallery/signature/kirby-Edit.webp
9
import lace_black-Edit_hd from ./../../images/gallery/../images/dec31gallery/signature/lace_black-Edit.jpg
9
import lace_black-Edit from ./../../images/gallery/../images/dec31gallery/signature/lace_black-Edit.webp
9
import lego_ninja-Edit_hd from ./../../images/gallery/../images/dec31gallery/signature/lego_ninja-Edit.jpg
9
import lego_ninja-Edit from ./../../images/gallery/../images/dec31gallery/signature/lego_ninja-Edit.webp
9
import mario-Edit_hd from ./../../images/gallery/../images/dec31gallery/signature/mario-Edit.jpg
9
import mario-Edit from ./../../images/gallery/../images/dec31gallery/signature/mario-Edit.webp
9
import marvel-Edit_hd from ./../../images/gallery/../images/dec31gallery/signature/marvel-Edit.jpg
9
import marvel-Edit from ./../../images/gallery/../images/dec31gallery/signature/marvel-Edit.webp
9
import mickey_mouse-Edit_hd from ./../../images/gallery/../images/dec31gallery/signature/mickey_mouse-Edit.jpg
9
import mickey_mouse-Edit from ./../../images/gallery/../images/dec31gallery/signature/mickey_mouse-Edit.webp
9
import minnie-Edit_hd from ./../../images/gallery/../images/dec31gallery/signature/minnie-Edit.jpg
9
import minnie-Edit from ./../../images/gallery/../images/dec31gallery/signature/minnie-Edit.webp
9
import minnie_2-Edit_hd from ./../../images/gallery/../images/dec31gallery/signature/minnie_2-Edit.jpg
9
import minnie_2-Edit from ./../../images/gallery/../images/dec31gallery/signature/minnie_2-Edit.webp
9
import minnie_mouse-Edit_hd from ./../../images/gallery/../images/dec31gallery/signature/minnie_mouse-Edit.jpg
9
import minnie_mouse-Edit from ./../../images/gallery/../images/dec31gallery/signature/minnie_mouse-Edit.webp
9
import naruto-Edit_hd from ./../../images/gallery/../images/dec31gallery/signature/naruto-Edit.jpg
9
import naruto-Edit from ./../../images/gallery/../images/dec31gallery/signature/naruto-Edit.webp
9
import octonauts-Edit_hd from ./../../images/gallery/../images/dec31gallery/signature/octonauts-Edit.jpg
9
import octonauts-Edit from ./../../images/gallery/../images/dec31gallery/signature/octonauts-Edit.webp
9
import ombre_pink-Edit-2_hd from ./../../images/gallery/../images/dec31gallery/signature/ombre_pink-Edit-2.jpg
9
import ombre_pink-Edit-2 from ./../../images/gallery/../images/dec31gallery/signature/ombre_pink-Edit-2.webp
9
import peppa_pig-Edit_hd from ./../../images/gallery/../images/dec31gallery/signature/peppa_pig-Edit.jpg
9
import peppa_pig-Edit from ./../../images/gallery/../images/dec31gallery/signature/peppa_pig-Edit.webp
9
import pink_minnie-Edit_hd from ./../../images/gallery/../images/dec31gallery/signature/pink_minnie-Edit.jpg
9
import pink_minnie-Edit from ./../../images/gallery/../images/dec31gallery/signature/pink_minnie-Edit.webp
9
import pink_twin-Edit_hd from ./../../images/gallery/../images/dec31gallery/signature/pink_twin-Edit.jpg
9
import pink_twin-Edit from ./../../images/gallery/../images/dec31gallery/signature/pink_twin-Edit.webp
9
import purple_leave-Edit_hd from ./../../images/gallery/../images/dec31gallery/signature/purple_leave-Edit.jpg
9
import purple_leave-Edit from ./../../images/gallery/../images/dec31gallery/signature/purple_leave-Edit.webp
9
import rainbow-Edit_hd from ./../../images/gallery/../images/dec31gallery/signature/rainbow-Edit.jpg
9
import rainbow-Edit from ./../../images/gallery/../images/dec31gallery/signature/rainbow-Edit.webp
9
import red_abstract-Edit_hd from ./../../images/gallery/../images/dec31gallery/signature/red_abstract-Edit.jpg
9
import red_abstract-Edit from ./../../images/gallery/../images/dec31gallery/signature/red_abstract-Edit.webp
9
import sesame_street-Edit_hd from ./../../images/gallery/../images/dec31gallery/signature/sesame_street-Edit.jpg
9
import sesame_street-Edit from ./../../images/gallery/../images/dec31gallery/signature/sesame_street-Edit.webp
9
import sonic-Edit_hd from ./../../images/gallery/../images/dec31gallery/signature/sonic-Edit.jpg
9
import sonic-Edit from ./../../images/gallery/../images/dec31gallery/signature/sonic-Edit.webp
9
import sonic_3-Edit_hd from ./../../images/gallery/../images/dec31gallery/signature/sonic_3-Edit.jpg
9
import sonic_3-Edit from ./../../images/gallery/../images/dec31gallery/signature/sonic_3-Edit.webp
9
import spider_man-Edit_hd from ./../../images/gallery/../images/dec31gallery/signature/spider_man-Edit.jpg
9
import spider_man-Edit from ./../../images/gallery/../images/dec31gallery/signature/spider_man-Edit.webp
9
import spider_man_2-Edit_hd from ./../../images/gallery/../images/dec31gallery/signature/spider_man_2-Edit.jpg
9
import spider_man_2-Edit from ./../../images/gallery/../images/dec31gallery/signature/spider_man_2-Edit.webp
9
import spiderman_3-Edit_hd from ./../../images/gallery/../images/dec31gallery/signature/spiderman_3-Edit.jpg
9
import spiderman_3-Edit from ./../../images/gallery/../images/dec31gallery/signature/spiderman_3-Edit.webp
9
import sponge_bob-Edit_hd from ./../../images/gallery/../images/dec31gallery/signature/sponge_bob-Edit.jpg
9
import sponge_bob-Edit from ./../../images/gallery/../images/dec31gallery/signature/sponge_bob-Edit.webp
9
import test.txt_hd from ./../../images/gallery/../images/dec31gallery/signature/test.txt
9
import tiara-Edit_hd from ./../../images/gallery/../images/dec31gallery/signature/tiara-Edit.jpg
9
import tiara-Edit from ./../../images/gallery/../images/dec31gallery/signature/tiara-Edit.webp
9
import twin_fox-Edit_hd from ./../../images/gallery/../images/dec31gallery/signature/twin_fox-Edit.jpg
9
import twin_fox-Edit from ./../../images/gallery/../images/dec31gallery/signature/twin_fox-Edit.webp
9
import winnie_bee-Edit_hd from ./../../images/gallery/../images/dec31gallery/signature/winnie_bee-Edit.jpg
9
import winnie_bee-Edit from ./../../images/gallery/../images/dec31gallery/signature/winnie_bee-Edit.webp
9
import winnie_poo_3-Edit_hd from ./../../images/gallery/../images/dec31gallery/signature/winnie_poo_3-Edit.jpg
9
import winnie_poo_3-Edit from ./../../images/gallery/../images/dec31gallery/signature/winnie_poo_3-Edit.webp
9
import winnie_poo_honey-Edit_hd from ./../../images/gallery/../images/dec31gallery/signature/winnie_poo_honey-Edit.jpg
9
import winnie_poo_honey-Edit from ./../../images/gallery/../images/dec31gallery/signature/winnie_poo_honey-Edit.webp

import blue_crown-Edit_hd from ./../../images/gallery/../images/dec31gallery/signature/blue_crown-Edit.jpg

import blue_crown-Edit from ./../../images/gallery/../images/dec31gallery/signature/blue_crown-Edit.webp

import blue_petals-Edit-Edit_hd from ./../../images/gallery/../images/dec31gallery/signature/blue_petals-Edit-Edit.jpg

import blue_petals-Edit-Edit from ./../../images/gallery/../images/dec31gallery/signature/blue_petals-Edit-Edit.webp

import boss_baby-Edit_hd from ./../../images/gallery/../images/dec31gallery/signature/boss_baby-Edit.jpg

import boss_baby-Edit from ./../../images/gallery/../images/dec31gallery/signature/boss_baby-Edit.webp

import cars-Edit_hd from ./../../images/gallery/../images/dec31gallery/signature/cars-Edit.jpg

import cars-Edit from ./../../images/gallery/../images/dec31gallery/signature/cars-Edit.webp

import coco_melon-Edit_hd from ./../../images/gallery/../images/dec31gallery/signature/coco_melon-Edit.jpg

import coco_melon-Edit from ./../../images/gallery/../images/dec31gallery/signature/coco_melon-Edit.webp

import data.jsx_hd from ./../../images/gallery/../images/dec31gallery/signature/data.jsx

import disney_princess-Edit_hd from ./../../images/gallery/../images/dec31gallery/signature/disney_princess-Edit.jpg

import disney_princess-Edit from ./../../images/gallery/../images/dec31gallery/signature/disney_princess-Edit.webp

import donuts_2-Edit_hd from ./../../images/gallery/../images/dec31gallery/signature/donuts_2-Edit.jpg

import donuts_2-Edit from ./../../images/gallery/../images/dec31gallery/signature/donuts_2-Edit.webp

import dragon_ball-Edit_hd from ./../../images/gallery/../images/dec31gallery/signature/dragon_ball-Edit.jpg

import dragon_ball-Edit from ./../../images/gallery/../images/dec31gallery/signature/dragon_ball-Edit.webp

import elsa-Edit_hd from ./../../images/gallery/../images/dec31gallery/signature/elsa-Edit.jpg

import elsa-Edit from ./../../images/gallery/../images/dec31gallery/signature/elsa-Edit.webp

import green_abstract-Edit_hd from ./../../images/gallery/../images/dec31gallery/signature/green_abstract-Edit.jpg

import green_abstract-Edit from ./../../images/gallery/../images/dec31gallery/signature/green_abstract-Edit.webp

import green_abstract_2-Edit_hd from ./../../images/gallery/../images/dec31gallery/signature/green_abstract_2-Edit.jpg

import green_abstract_2-Edit from ./../../images/gallery/../images/dec31gallery/signature/green_abstract_2-Edit.webp

import iron_man_hulk-Edit_hd from ./../../images/gallery/../images/dec31gallery/signature/iron_man_hulk-Edit.jpg

import iron_man_hulk-Edit from ./../../images/gallery/../images/dec31gallery/signature/iron_man_hulk-Edit.webp

import kirby-Edit_hd from ./../../images/gallery/../images/dec31gallery/signature/kirby-Edit.jpg

import kirby-Edit from ./../../images/gallery/../images/dec31gallery/signature/kirby-Edit.webp

import lace_black-Edit_hd from ./../../images/gallery/../images/dec31gallery/signature/lace_black-Edit.jpg

import lace_black-Edit from ./../../images/gallery/../images/dec31gallery/signature/lace_black-Edit.webp

import lego_ninja-Edit_hd from ./../../images/gallery/../images/dec31gallery/signature/lego_ninja-Edit.jpg

import lego_ninja-Edit from ./../../images/gallery/../images/dec31gallery/signature/lego_ninja-Edit.webp

import mario-Edit_hd from ./../../images/gallery/../images/dec31gallery/signature/mario-Edit.jpg

import mario-Edit from ./../../images/gallery/../images/dec31gallery/signature/mario-Edit.webp

import marvel-Edit_hd from ./../../images/gallery/../images/dec31gallery/signature/marvel-Edit.jpg

import marvel-Edit from ./../../images/gallery/../images/dec31gallery/signature/marvel-Edit.webp

import mickey_mouse-Edit_hd from ./../../images/gallery/../images/dec31gallery/signature/mickey_mouse-Edit.jpg

import mickey_mouse-Edit from ./../../images/gallery/../images/dec31gallery/signature/mickey_mouse-Edit.webp

import minnie-Edit_hd from ./../../images/gallery/../images/dec31gallery/signature/minnie-Edit.jpg

import minnie-Edit from ./../../images/gallery/../images/dec31gallery/signature/minnie-Edit.webp

import minnie_2-Edit_hd from ./../../images/gallery/../images/dec31gallery/signature/minnie_2-Edit.jpg

import minnie_2-Edit from ./../../images/gallery/../images/dec31gallery/signature/minnie_2-Edit.webp

import minnie_mouse-Edit_hd from ./../../images/gallery/../images/dec31gallery/signature/minnie_mouse-Edit.jpg

import minnie_mouse-Edit from ./../../images/gallery/../images/dec31gallery/signature/minnie_mouse-Edit.webp

import naruto-Edit_hd from ./../../images/gallery/../images/dec31gallery/signature/naruto-Edit.jpg

import naruto-Edit from ./../../images/gallery/../images/dec31gallery/signature/naruto-Edit.webp

import octonauts-Edit_hd from ./../../images/gallery/../images/dec31gallery/signature/octonauts-Edit.jpg

import octonauts-Edit from ./../../images/gallery/../images/dec31gallery/signature/octonauts-Edit.webp

import ombre_pink-Edit-2_hd from ./../../images/gallery/../images/dec31gallery/signature/ombre_pink-Edit-2.jpg

import ombre_pink-Edit-2 from ./../../images/gallery/../images/dec31gallery/signature/ombre_pink-Edit-2.webp

import peppa_pig-Edit_hd from ./../../images/gallery/../images/dec31gallery/signature/peppa_pig-Edit.jpg

import peppa_pig-Edit from ./../../images/gallery/../images/dec31gallery/signature/peppa_pig-Edit.webp

import pink_minnie-Edit_hd from ./../../images/gallery/../images/dec31gallery/signature/pink_minnie-Edit.jpg

import pink_minnie-Edit from ./../../images/gallery/../images/dec31gallery/signature/pink_minnie-Edit.webp

import pink_twin-Edit_hd from ./../../images/gallery/../images/dec31gallery/signature/pink_twin-Edit.jpg

import pink_twin-Edit from ./../../images/gallery/../images/dec31gallery/signature/pink_twin-Edit.webp

import purple_leave-Edit_hd from ./../../images/gallery/../images/dec31gallery/signature/purple_leave-Edit.jpg

import purple_leave-Edit from ./../../images/gallery/../images/dec31gallery/signature/purple_leave-Edit.webp

import rainbow-Edit_hd from ./../../images/gallery/../images/dec31gallery/signature/rainbow-Edit.jpg

import rainbow-Edit from ./../../images/gallery/../images/dec31gallery/signature/rainbow-Edit.webp

import red_abstract-Edit_hd from ./../../images/gallery/../images/dec31gallery/signature/red_abstract-Edit.jpg

import red_abstract-Edit from ./../../images/gallery/../images/dec31gallery/signature/red_abstract-Edit.webp

import sesame_street-Edit_hd from ./../../images/gallery/../images/dec31gallery/signature/sesame_street-Edit.jpg

import sesame_street-Edit from ./../../images/gallery/../images/dec31gallery/signature/sesame_street-Edit.webp

import sonic-Edit_hd from ./../../images/gallery/../images/dec31gallery/signature/sonic-Edit.jpg

import sonic-Edit from ./../../images/gallery/../images/dec31gallery/signature/sonic-Edit.webp

import sonic_3-Edit_hd from ./../../images/gallery/../images/dec31gallery/signature/sonic_3-Edit.jpg

import sonic_3-Edit from ./../../images/gallery/../images/dec31gallery/signature/sonic_3-Edit.webp

import spider_man-Edit_hd from ./../../images/gallery/../images/dec31gallery/signature/spider_man-Edit.jpg

import spider_man-Edit from ./../../images/gallery/../images/dec31gallery/signature/spider_man-Edit.webp

import spider_man_2-Edit_hd from ./../../images/gallery/../images/dec31gallery/signature/spider_man_2-Edit.jpg

import spider_man_2-Edit from ./../../images/gallery/../images/dec31gallery/signature/spider_man_2-Edit.webp

import spiderman_3-Edit_hd from ./../../images/gallery/../images/dec31gallery/signature/spiderman_3-Edit.jpg

import spiderman_3-Edit from ./../../images/gallery/../images/dec31gallery/signature/spiderman_3-Edit.webp

import sponge_bob-Edit_hd from ./../../images/gallery/../images/dec31gallery/signature/sponge_bob-Edit.jpg

import sponge_bob-Edit from ./../../images/gallery/../images/dec31gallery/signature/sponge_bob-Edit.webp

import test.txt_hd from ./../../images/gallery/../images/dec31gallery/signature/test.txt

import tiara-Edit_hd from ./../../images/gallery/../images/dec31gallery/signature/tiara-Edit.jpg

import tiara-Edit from ./../../images/gallery/../images/dec31gallery/signature/tiara-Edit.webp

import twin_fox-Edit_hd from ./../../images/gallery/../images/dec31gallery/signature/twin_fox-Edit.jpg

import twin_fox-Edit from ./../../images/gallery/../images/dec31gallery/signature/twin_fox-Edit.webp

import winnie_bee-Edit_hd from ./../../images/gallery/../images/dec31gallery/signature/winnie_bee-Edit.jpg

import winnie_bee-Edit from ./../../images/gallery/../images/dec31gallery/signature/winnie_bee-Edit.webp

import winnie_poo_3-Edit_hd from ./../../images/gallery/../images/dec31gallery/signature/winnie_poo_3-Edit.jpg

import winnie_poo_3-Edit from ./../../images/gallery/../images/dec31gallery/signature/winnie_poo_3-Edit.webp

import winnie_poo_honey-Edit_hd from ./../../images/gallery/../images/dec31gallery/signature/winnie_poo_honey-Edit.jpg

import winnie_poo_honey-Edit from ./../../images/gallery/../images/dec31gallery/signature/winnie_poo_honey-Edit.webp
